运动量,活跃时长,活跃状态,温度,电压,时间
303840,220657,4,3832,3156,2021-11-10 00:00:10
303874,220657,4,3827,3155,2021-11-10 00:07:26
303965,220675,0,3805,3155,2021-11-10 00:14:03
304165,220790,0,3738,3157,2021-11-10 00:18:50
304200,220790,4,3720,3156,2021-11-10 00:23:47
304222,220790,4,3712,3154,2021-11-10 00:28:54
304370,220804,4,3698,3160,2021-11-10 00:33:52
304379,220804,4,3683,3158,2021-11-10 00:38:59
304407,220804,4,3689,3155,2021-11-10 00:43:56
304417,220814,4,3687,3152,2021-11-10 00:49:13
304422,220814,4,3672,3152,2021-11-10 00:54:00
304426,220814,4,3664,3153,2021-11-10 00:58:58
304442,220814,4,3668,3155,2021-11-10 01:04:05
304497,220824,4,3637,3151,2021-11-10 01:09:02
304593,220848,4,3639,3152,2021-11-10 01:13:59
304612,220848,4,3657,3155,2021-11-10 01:19:07
304619,220848,4,3655,3154,2021-11-10 01:24:05
304627,220848,4,3653,3155,2021-11-10 01:29:01
304636,220848,4,3675,3156,2021-11-10 01:34:08
304651,220848,4,3666,3152,2021-11-10 01:39:05
304665,220848,4,3659,3151,2021-11-10 01:44:11
304684,220848,4,3655,3159,2021-11-10 01:49:08
304720,220848,4,3668,3152,2021-11-10 01:54:05
304760,220848,4,3659,3152,2021-11-10 01:59:11
304780,220848,4,3675,3155,2021-11-10 02:04:08
304823,220848,4,3672,3154,2021-11-10 02:09:14
304845,220848,4,3701,3155,2021-11-10 02:14:11
304846,220848,4,3711,3154,2021-11-10 02:19:08
304850,220848,4,3714,3154,2021-11-10 02:24:14
304855,220848,4,3723,3157,2021-11-10 02:29:11
304879,220848,4,3733,3152,2021-11-10 02:34:18
304889,220848,4,3731,3152,2021-11-10 02:39:15
304893,220848,4,3732,3155,2021-11-10 02:44:11
304905,220848,4,3732,3156,2021-11-10 02:49:28
304907,220848,4,3711,3151,2021-11-10 02:54:14
305005,220858,4,3712,3157,2021-11-10 02:59:21
305037,220858,4,3722,3154,2021-11-10 03:04:18
305049,220858,4,3733,3154,2021-11-10 03:09:14
305055,220858,4,3743,3153,2021-11-10 03:14:21
305061,220858,4,3747,3155,2021-11-10 03:19:18
305078,220858,4,3752,3153,2021-11-10 03:24:24
305083,220858,4,3738,3152,2021-11-10 03:29:21
305085,220858,4,3740,3154,2021-11-10 03:34:17
305093,220858,4,3741,3154,2021-11-10 03:39:24
305099,220858,4,3741,3155,2021-11-10 03:44:21
305103,220858,4,3735,3154,2021-11-10 03:49:27
305116,220858,4,3732,3155,2021-11-10 03:54:24
305253,220879,0,3723,3155,2021-11-10 03:59:21
305329,220918,0,3691,3153,2021-11-10 04:04:37
305399,220928,4,3684,3154,2021-11-10 04:09:24
305592,221026,0,3651,3155,2021-11-10 04:14:31
305747,221079,4,3639,3155,2021-11-10 04:19:27
305809,221079,4,3692,3156,2021-11-10 04:24:24
305876,221089,4,3692,3157,2021-11-10 04:29:31
305969,221108,4,3689,3155,2021-11-10 04:34:27
306064,221119,4,3672,3152,2021-11-10 04:39:34
306133,221133,4,3637,3156,2021-11-10 04:44:30
306188,221144,4,3637,3155,2021-11-10 04:49:27
306223,221156,4,3650,3156,2021-11-10 04:54:34
306248,221156,4,3650,3155,2021-11-10 04:59:30
306264,221156,4,3655,3152,2021-11-10 05:04:47
306295,221156,4,3653,3156,2021-11-10 05:09:33
306587,221436,0,3597,3154,2021-11-10 05:14:30
306889,221730,0,3624,3155,2021-11-10 05:19:37
307185,222032,0,3624,3153,2021-11-10 05:24:33
307493,222340,0,3646,3154,2021-11-10 05:29:40
307790,222637,0,3630,3153,2021-11-10 05:34:36
308004,222765,0,3653,3154,2021-11-10 05:39:33
308250,222959,0,3655,3155,2021-11-10 05:44:40
308526,223209,0,3667,3154,2021-11-10 05:49:46
308767,223385,0,3675,3155,2021-11-10 05:54:43
310268,224311,0,3624,3150,2021-11-10 06:45:09
311080,224753,4,3657,3155,2021-11-10 07:13:30
312140,225335,0,3574,3154,2021-11-10 08:00:38
312208,225364,0,3567,3152,2021-11-10 08:06:54
312520,225448,4,3607,3155,2021-11-10 08:31:27
312803,225553,4,3576,3153,2021-11-10 08:54:31
312981,225576,4,3592,3152,2021-11-10 09:27:29
313354,225636,4,3683,3154,2021-11-10 09:49:14
313405,225649,4,3682,3152,2021-11-10 09:54:11
313430,225649,4,3670,3152,2021-11-10 09:59:27
313442,225649,4,3670,3152,2021-11-10 10:04:14
313476,225649,4,3691,3154,2021-11-10 10:09:20
313510,225649,4,3691,3152,2021-11-10 10:14:17
313556,225649,4,3692,3153,2021-11-10 10:19:13
313662,225688,0,3557,3155,2021-11-10 10:24:10
313764,225699,4,3574,3152,2021-11-10 10:29:17
313783,225699,4,3550,3152,2021-11-10 10:34:43
313838,225699,4,3557,3153,2021-11-10 10:40:00
313996,225793,0,3597,3154,2021-11-10 10:46:45
314096,225872,0,3578,3153,2021-11-10 10:51:52
314152,225872,4,3563,3152,2021-11-10 10:56:48
314177,225872,4,3565,3153,2021-11-10 11:01:55
314209,225872,4,3546,3154,2021-11-10 11:06:51
314260,225887,0,3530,3152,2021-11-10 11:11:48
314296,225887,4,3543,3152,2021-11-10 11:16:55
314443,225975,0,3552,3154,2021-11-10 11:21:51
314589,225998,4,3584,3152,2021-11-10 11:26:58
314697,226054,4,3581,3151,2021-11-10 11:31:54
314735,226054,4,3570,3153,2021-11-10 11:36:51
314956,226232,0,3559,3153,2021-11-10 11:41:58
315084,226329,4,3579,3153,2021-11-10 11:46:54
315101,226329,4,3581,3151,2021-11-10 11:52:01
315218,226329,4,3602,3153,2021-11-10 11:56:58
315285,226340,4,3588,3152,2021-11-10 12:01:55
315352,226364,4,3622,3148,2021-11-10 12:06:51
315504,226467,0,3617,3153,2021-11-10 12:11:58
315751,226628,4,3631,3152,2021-11-10 12:17:04
315979,226780,0,3630,3150,2021-11-10 12:22:01
316036,226790,4,3628,3153,2021-11-10 12:26:58
316141,226816,0,3626,3150,2021-11-10 12:32:04
316222,226880,0,3572,3151,2021-11-10 12:37:01
316311,226943,4,3535,3148,2021-11-10 12:42:07
316568,227172,0,3543,3152,2021-11-10 12:47:04
316791,227349,0,3509,3151,2021-11-10 12:52:01
317097,227654,0,3490,3149,2021-11-10 12:57:07
317392,227949,0,3494,3150,2021-11-10 13:02:04
317700,228250,0,3491,3150,2021-11-10 13:07:10
317994,228541,0,3511,3159,2021-11-10 13:12:09
318280,228777,0,3505,3149,2021-11-10 13:17:07
318568,229055,0,3491,3152,2021-11-10 13:22:06
318758,229202,0,3588,3153,2021-11-10 13:27:04
319036,229444,0,3611,3151,2021-11-10 13:32:13
319295,229652,0,3628,3151,2021-11-10 13:37:11
319530,229798,0,3639,3150,2021-11-10 13:42:10
319733,229876,0,3552,3152,2021-11-10 13:47:08
319923,229935,0,3552,3152,2021-11-10 13:52:07
320208,230170,0,3529,3149,2021-11-10 13:57:15
320462,230381,0,3505,3151,2021-11-10 14:02:13
320577,230441,4,3493,3148,2021-11-10 14:07:12
320612,230441,4,3483,3148,2021-11-10 14:12:20
320629,230441,4,3485,3149,2021-11-10 14:17:09
320877,230611,0,3484,3151,2021-11-10 14:22:17
320992,230669,4,3492,3152,2021-11-10 14:27:16
321142,230737,4,3530,3149,2021-11-10 14:32:24
321331,230838,0,3567,3146,2021-11-10 14:37:13
321563,230964,0,3567,3150,2021-11-10 14:42:11
321734,231025,0,3583,3149,2021-11-10 14:47:20
321801,231065,0,3592,3152,2021-11-10 14:52:18
322069,231306,0,3555,3149,2021-11-10 14:57:16
322270,231439,0,3631,3148,2021-11-10 15:02:15
322314,231449,4,3640,3148,2021-11-10 15:07:13
322526,231576,0,3535,3150,2021-11-10 15:12:22
322602,231576,4,3528,3147,2021-11-10 15:17:20
322619,231576,4,3512,3149,2021-11-10 15:22:19
322713,231641,0,3532,3151,2021-11-10 15:27:27
322880,231724,0,3569,3152,2021-11-10 15:32:15
323146,231959,0,3596,3151,2021-11-10 15:37:24
323238,232017,4,3597,3148,2021-11-10 15:42:22
323247,232017,4,3590,3153,2021-11-10 15:47:21
323354,232071,0,3600,3150,2021-11-10 15:52:19
323526,232214,0,3615,3146,2021-11-10 15:57:18
323537,232214,4,3610,3147,2021-11-10 16:02:26
323593,232214,4,3615,3148,2021-11-10 16:07:24
323794,232369,0,3599,3149,2021-11-10 16:12:23
323894,232380,4,3595,3150,2021-11-10 16:17:31
323982,232429,4,3577,3148,2021-11-10 16:22:19
323996,232429,4,3555,3150,2021-11-10 16:27:28
323997,232429,4,3554,3151,2021-11-10 16:32:26
324000,232429,4,3552,3148,2021-11-10 16:37:25
324086,232429,4,3610,3147,2021-11-10 16:42:23
324312,232600,0,3642,3151,2021-11-10 16:47:22
324356,232610,4,3680,3148,2021-11-10 16:52:30
324361,232610,4,3698,3148,2021-11-10 16:57:29
324378,232610,4,3685,3147,2021-11-10 17:02:27
324411,232610,4,3661,3152,2021-11-10 17:07:25
324471,232644,4,3653,3149,2021-11-10 17:12:34
324480,232644,4,3642,3151,2021-11-10 17:17:32
324573,232671,0,3640,3149,2021-11-10 17:22:31
324612,232671,4,3624,3149,2021-11-10 17:27:39
324643,232671,4,3613,3149,2021-11-10 17:32:27
324690,232671,4,3626,3148,2021-11-10 17:37:26
324713,232671,4,3631,3150,2021-11-10 17:42:34
324732,232671,4,3615,3147,2021-11-10 17:47:33
324878,232800,0,3528,3149,2021-11-10 17:52:31
325178,233100,0,3494,3151,2021-11-10 17:57:29
325474,233395,0,3487,3151,2021-11-10 18:02:28
325783,233703,0,3500,3150,2021-11-10 18:07:36
326082,234003,0,3536,3151,2021-11-10 18:12:34
326287,234187,0,3649,3149,2021-11-10 18:17:33
326551,234428,0,3661,3152,2021-11-10 18:22:31
326743,234551,0,3711,3151,2021-11-10 18:27:30
326938,234739,0,3716,3151,2021-11-10 18:32:38
326953,234739,4,3740,3148,2021-11-10 18:37:36
326965,234739,4,3729,3149,2021-11-10 18:42:35
327008,234739,4,3733,3150,2021-11-10 18:47:33
327017,234739,4,3709,3150,2021-11-10 18:52:32
327017,234739,4,3718,3148,2021-11-10 18:57:40
327017,234739,4,3709,3152,2021-11-10 19:02:39
327032,234739,4,3723,3150,2021-11-10 19:07:37
327042,234739,4,3714,3150,2021-11-10 19:12:36
327065,234739,4,3725,3151,2021-11-10 19:17:34
327088,234739,4,3733,3150,2021-11-10 19:22:42
327289,234860,4,3733,3152,2021-11-10 19:27:41
327473,234950,0,3659,3149,2021-11-10 19:32:39
327547,234950,4,3668,3148,2021-11-10 19:37:38
327566,234950,4,3646,3147,2021-11-10 19:42:36
327584,234950,4,3646,3146,2021-11-10 19:47:44
327793,235045,0,3622,3148,2021-11-10 19:52:43
327835,235056,4,3597,3153,2021-11-10 19:57:41
327843,235056,4,3591,3149,2021-11-10 20:02:40
327853,235056,4,3581,3151,2021-11-10 20:07:38
327901,235076,0,3592,3152,2021-11-10 20:12:46
328023,235104,0,3576,3150,2021-11-10 20:17:45
328049,235104,4,3561,3148,2021-11-10 20:22:43
328170,235145,0,3557,3150,2021-11-10 20:27:41
328196,235145,4,3548,3149,2021-11-10 20:32:40
328310,235190,0,3608,3150,2021-11-10 20:37:48
328367,235212,0,3644,3151,2021-11-10 20:42:47
328423,235225,0,3694,3152,2021-11-10 20:47:45
328458,235243,4,3684,3149,2021-11-10 20:52:43
328458,235243,4,3691,3151,2021-11-10 20:57:42
328462,235243,4,3694,3148,2021-11-10 21:02:50
328466,235243,4,3698,3150,2021-11-10 21:07:49
328477,235243,4,3712,3150,2021-11-10 21:12:47
328484,235243,4,3722,3149,2021-11-10 21:17:46
328504,235243,4,3687,3151,2021-11-10 21:22:44
328527,235243,4,3709,3149,2021-11-10 21:27:53
328563,235243,4,3750,3152,2021-11-10 21:33:21
328564,235243,4,3732,3151,2021-11-10 21:40:19
328564,235243,4,3725,3151,2021-11-10 21:45:27
328573,235243,4,3725,3149,2021-11-10 21:50:16
328578,235243,4,3724,3148,2021-11-10 21:55:24
328615,235243,4,3716,3151,2021-11-10 22:00:22
328641,235253,4,3731,3150,2021-11-10 22:05:21
328658,235253,4,3735,3150,2021-11-10 22:10:29
328752,235264,4,3748,3148,2021-11-10 22:39:10
328852,235274,4,3712,3151,2021-11-10 22:45:28
328916,235274,4,3720,3151,2021-11-10 22:51:56
328942,235274,4,3718,3150,2021-11-10 22:57:54
328950,235274,4,3729,3154,2021-11-10 23:02:53
328952,235274,4,3733,3149,2021-11-10 23:08:01
328952,235274,4,3723,3153,2021-11-10 23:12:59
328961,235274,4,3731,3150,2021-11-10 23:18:08
328976,235274,4,3737,3149,2021-11-10 23:22:56
328991,235274,4,3694,3149,2021-11-10 23:27:54
329003,235274,4,3750,3149,2021-11-10 23:33:33
329025,235274,4,3780,3152,2021-11-10 23:40:30
329064,235284,4,3791,3151,2021-11-10 23:45:29
329176,235308,0,3755,3149,2021-11-10 23:50:27
329262,235332,4,3725,3149,2021-11-10 23:55:36
329308,235332,4,3723,3148,2021-11-11 00:00:34
329329,235332,4,3733,3148,2021-11-11 00:05:33
329375,235342,4,3711,3152,2021-11-11 00:10:31
329389,235342,4,3723,3149,2021-11-11 00:15:29
329399,235342,4,3714,3150,2021-11-11 00:20:38
329399,235342,4,3720,3148,2021-11-11 00:25:36
329454,235342,4,3711,3149,2021-11-11 00:30:45
329484,235342,4,3745,3149,2021-11-11 00:35:33
329559,235342,4,3765,3151,2021-11-11 00:40:32
329654,235384,0,3746,3152,2021-11-11 00:46:00
329666,235384,4,3730,3152,2021-11-11 00:53:17
329750,235384,4,3770,3151,2021-11-11 01:05:33
329775,235384,4,3782,3153,2021-11-11 01:12:12
329798,235384,4,3780,3153,2021-11-11 01:18:09
329873,235407,4,3751,3151,2021-11-11 01:23:16
329986,235418,4,3653,3151,2021-11-11 01:28:13
330005,235418,4,3594,3154,2021-11-11 01:33:10
330055,235418,4,3619,3149,2021-11-11 01:38:17
330090,235418,4,3574,3151,2021-11-11 01:43:15
330099,235418,4,3557,3151,2021-11-11 01:48:22
330101,235418,4,3552,3151,2021-11-11 01:53:19
330114,235418,4,3544,3153,2021-11-11 01:58:16
330145,235418,4,3548,3150,2021-11-11 02:03:23
330230,235418,4,3565,3150,2021-11-11 02:08:21
330244,235418,4,3590,3152,2021-11-11 02:13:28
330247,235418,4,3600,3153,2021-11-11 02:18:25
330282,235418,4,3604,3149,2021-11-11 02:23:22
330296,235418,4,3610,3153,2021-11-11 02:28:29
330304,235418,4,3603,3153,2021-11-11 02:33:27
330316,235418,4,3521,3150,2021-11-11 02:38:34
330336,235418,4,3604,3151,2021-11-11 02:43:31
330418,235448,4,3624,3149,2021-11-11 02:48:38
330452,235448,4,3624,3149,2021-11-11 02:53:35
330493,235458,4,3576,3153,2021-11-11 02:58:33
330503,235458,4,3606,3148,2021-11-11 03:03:40
330516,235458,4,3600,3146,2021-11-11 03:08:37
330527,235458,4,3615,3151,2021-11-11 03:13:34
330534,235458,4,3613,3150,2021-11-11 03:18:41
330535,235458,4,3620,3149,2021-11-11 03:24:08
330584,235458,4,3604,3151,2021-11-11 03:29:45
330711,235525,4,3471,3154,2021-11-11 03:36:12
330711,235525,4,3487,3151,2021-11-11 03:41:19
330713,235525,4,3480,3154,2021-11-11 03:46:16
330739,235525,4,3480,3150,2021-11-11 03:51:13
330740,235525,4,3489,3149,2021-11-11 03:56:20
330760,235536,4,3554,3150,2021-11-11 04:01:17
330767,235536,4,3557,3148,2021-11-11 04:06:25
330809,235536,4,3553,3151,2021-11-11 04:11:22
330847,235536,4,3590,3148,2021-11-11 04:16:19
330914,235546,4,3604,3149,2021-11-11 04:21:26
330946,235546,4,3635,3150,2021-11-11 04:26:24
330988,235546,4,3624,3148,2021-11-11 04:31:31
331021,235546,4,3630,3150,2021-11-11 04:36:28
331030,235546,4,3648,3151,2021-11-11 04:41:25
331045,235546,4,3650,3152,2021-11-11 04:46:32
331096,235557,4,3639,3150,2021-11-11 04:51:30
331176,235567,4,3657,3153,2021-11-11 04:56:37
331371,235722,0,3584,3151,2021-11-11 05:01:34
331661,236012,0,3550,3150,2021-11-11 05:06:32
331968,236310,0,3529,3149,2021-11-11 05:11:39
332260,236601,0,3519,3150,2021-11-11 05:16:36
332563,236899,0,3525,3147,2021-11-11 05:21:43
332855,237187,0,3548,3149,2021-11-11 05:26:40
333110,237383,0,3519,3146,2021-11-11 05:31:38
333268,237431,4,3532,3149,2021-11-11 05:36:45
333380,237460,4,3507,3152,2021-11-11 05:41:42
333484,237511,0,3578,3148,2021-11-11 05:46:59
333728,237721,0,3615,3149,2021-11-11 05:51:46
334024,238004,0,3649,3147,2021-11-11 05:57:03
334284,238205,0,3599,3150,2021-11-11 06:01:51
334511,238411,0,3479,3147,2021-11-11 06:06:48
334703,238462,0,3474,3149,2021-11-11 06:11:55
334835,238502,4,3470,3152,2021-11-11 06:16:52
334868,238502,4,3478,3148,2021-11-11 06:21:50
334876,238502,4,3475,3152,2021-11-11 06:26:57
335013,238554,4,3439,3148,2021-11-11 06:31:54
335154,238653,4,3450,3149,2021-11-11 06:37:01
335199,238653,4,3491,3152,2021-11-11 06:41:58
335287,238674,4,3494,3148,2021-11-11 06:46:56
335372,238715,0,3459,3148,2021-11-11 06:52:03
335438,238742,4,3456,3150,2021-11-11 06:57:00
335479,238742,4,3459,3145,2021-11-11 07:02:07
335503,238742,4,3453,3149,2021-11-11 07:07:05
335537,238742,4,3448,3148,2021-11-11 07:12:02
335538,238742,4,3451,3147,2021-11-11 07:17:09
335567,238742,4,3460,3146,2021-11-11 07:21:56
335573,238742,4,3429,3148,2021-11-11 07:27:13
335575,238742,4,3403,3151,2021-11-11 07:32:11
335580,238742,4,3399,3147,2021-11-11 07:37:08
335588,238742,4,3414,3150,2021-11-11 07:42:15
335590,238742,4,3433,3149,2021-11-11 07:47:12
335590,238742,4,3459,3147,2021-11-11 07:52:20
335728,238853,0,3479,3148,2021-11-11 07:57:17
335877,238940,4,3480,3148,2021-11-11 08:02:14
335886,238940,4,3476,3150,2021-11-11 08:07:21
335891,238940,4,3469,3150,2021-11-11 08:12:18
335891,238940,4,3449,3147,2021-11-11 08:17:25
335916,238950,4,3465,3148,2021-11-11 08:22:23
335916,238950,4,3437,3149,2021-11-11 08:27:20
335932,238950,4,3426,3147,2021-11-11 08:32:27
335975,238950,4,3444,3149,2021-11-11 08:37:24
336043,238972,4,3510,3150,2021-11-11 08:42:31
336136,238982,4,3546,3145,2021-11-11 08:47:29
336140,238982,4,3579,3146,2021-11-11 08:52:26
336165,238982,4,3602,3149,2021-11-11 08:57:33
336229,238982,4,3530,3148,2021-11-11 09:02:30
336277,238998,4,3581,3147,2021-11-11 09:07:27
336280,238998,4,3611,3152,2021-11-11 09:12:15
336293,238998,4,3630,3149,2021-11-11 09:17:32
336317,238998,4,3637,3146,2021-11-11 09:22:39
336322,238998,4,3633,3146,2021-11-11 09:27:36
336366,239009,4,3651,3150,2021-11-11 09:32:43
336373,239009,4,3624,3148,2021-11-11 09:37:41
336445,239032,4,3584,3149,2021-11-11 09:42:38
336521,239032,4,3541,3152,2021-11-11 09:47:45
336718,239140,0,3589,3148,2021-11-11 09:52:42
336895,239217,0,3526,3149,2021-11-11 09:57:29
336913,239217,4,3622,3146,2021-11-11 10:02:46
336967,239217,4,3640,3147,2021-11-11 10:07:44
336982,239217,4,3663,3147,2021-11-11 10:12:51
336999,239217,4,3548,3148,2021-11-11 10:17:48
337050,239227,4,3610,3149,2021-11-11 10:23:05
337058,239227,4,3626,3149,2021-11-11 10:28:02
337103,239247,4,3531,3150,2021-11-11 10:32:50
337140,239247,4,3561,3146,2021-11-11 10:37:57
337201,239258,0,3561,3148,2021-11-11 10:42:54
337317,239268,4,3626,3149,2021-11-11 10:48:01
337327,239268,4,3630,3149,2021-11-11 10:52:58
337441,239350,0,3682,3145,2021-11-11 10:57:56
337720,239585,0,3685,3147,2021-11-11 11:03:03
337995,239837,0,3703,3149,2021-11-11 11:08:10
338033,239837,4,3707,3151,2021-11-11 11:13:07
338050,239837,4,3760,3149,2021-11-11 11:18:04
338078,239850,4,3775,3152,2021-11-11 11:23:02
338110,239850,4,3773,3151,2021-11-11 11:28:09
338147,239850,4,3768,3148,2021-11-11 11:33:06
338280,239910,0,3784,3149,2021-11-11 11:38:23
338413,239963,4,3782,3151,2021-11-11 11:43:10
338526,239977,4,3791,3151,2021-11-11 11:48:08
338700,240052,0,3778,3148,2021-11-11 11:53:15
338875,240129,0,3707,3151,2021-11-11 11:58:12
339073,240197,0,3615,3146,2021-11-11 12:03:19
339220,240240,4,3637,3151,2021-11-11 12:08:16
339278,240240,4,3604,3148,2021-11-11 12:13:14
339473,240346,0,3583,3148,2021-11-11 12:18:21
339506,240356,4,3559,3148,2021-11-11 12:23:18
339576,240356,4,3543,3149,2021-11-11 12:28:25
339617,240356,4,3525,3149,2021-11-11 12:33:22
339672,240356,4,3525,3147,2021-11-11 12:38:20
339801,240398,0,3519,3148,2021-11-11 12:43:27
340061,240613,0,3543,3143,2021-11-11 12:48:24
340324,240830,0,3525,3147,2021-11-11 12:53:41
340416,240864,4,3472,3147,2021-11-11 12:58:28
340587,240928,0,3483,3147,2021-11-11 13:03:28
340866,241177,0,3460,3146,2021-11-11 13:08:26
340912,241177,4,3468,3146,2021-11-11 13:13:24
340943,241177,4,3469,3147,2021-11-11 13:18:32
340997,241177,4,3472,3144,2021-11-11 13:23:30
341250,241396,0,3444,3148,2021-11-11 13:28:28
341532,241656,0,3449,3148,2021-11-11 13:33:26
341837,241961,0,3462,3146,2021-11-11 13:38:34
342127,242244,0,3439,3149,2021-11-11 13:43:32
342420,242536,0,3456,3149,2021-11-11 13:48:30
342700,242804,0,3435,3148,2021-11-11 13:53:28
342981,243070,0,3411,3146,2021-11-11 13:58:26
343166,243193,4,3429,3148,2021-11-11 14:03:34
343428,243405,0,3426,3146,2021-11-11 14:08:32
343712,243684,0,3440,3145,2021-11-11 14:13:30
343882,243740,4,3435,3147,2021-11-11 14:18:39
344119,243892,0,3421,3149,2021-11-11 14:23:37
344236,243932,4,3420,3147,2021-11-11 14:28:35
344265,243932,4,3424,3147,2021-11-11 14:33:33
344276,243932,4,3442,3148,2021-11-11 14:38:31
344436,244007,4,3437,3149,2021-11-11 14:43:39
344472,244007,4,3451,3150,2021-11-11 14:48:37
344580,244043,4,3450,3149,2021-11-11 14:53:35
344860,244296,0,3439,3148,2021-11-11 14:58:33
345126,244504,0,3437,3146,2021-11-11 15:03:32
345203,244544,4,3433,3145,2021-11-11 15:08:30
345378,244651,0,3414,3145,2021-11-11 15:13:38
345623,244844,0,3433,3147,2021-11-11 15:18:36
345871,245048,0,3480,3147,2021-11-11 15:23:34
345973,245126,4,3532,3148,2021-11-11 15:28:32
346007,245126,4,3559,3147,2021-11-11 15:33:30
346060,245126,4,3577,3146,2021-11-11 15:38:48
346121,245126,4,3550,3145,2021-11-11 15:43:37
346165,245139,4,3498,3145,2021-11-11 15:48:45
346216,245139,4,3476,3148,2021-11-11 15:53:33
346370,245240,0,3521,3149,2021-11-11 15:58:41
346618,245433,0,3505,3148,2021-11-11 16:03:39
346768,245506,0,3470,3150,2021-11-11 16:08:37
347032,245737,0,3431,3145,2021-11-11 16:13:35
347299,245947,0,3440,3145,2021-11-11 16:18:43
347561,246159,0,3447,3144,2021-11-11 16:23:41
347600,246191,4,3448,3147,2021-11-11 16:28:39
347645,246205,4,3460,3145,2021-11-11 16:33:47
347677,246218,0,3461,3145,2021-11-11 16:38:46
347771,246263,0,3461,3145,2021-11-11 16:43:44
347776,246263,4,3457,3149,2021-11-11 16:48:42
347787,246263,4,3455,3145,2021-11-11 16:53:40
347814,246263,4,3451,3146,2021-11-11 16:58:38
347976,246376,0,3537,3143,2021-11-11 17:03:36
348190,246519,0,3516,3146,2021-11-11 17:08:44
348428,246695,0,3503,3148,2021-11-11 17:13:42
348697,246923,0,3461,3144,2021-11-11 17:18:40
348968,247165,0,3460,3145,2021-11-11 17:23:38
349174,247303,0,3428,3145,2021-11-11 17:28:36
349199,247303,4,3474,3144,2021-11-11 17:33:45
349206,247303,4,3487,3147,2021-11-11 17:38:43
349207,247303,4,3501,3148,2021-11-11 17:43:41
349267,247303,4,3490,3147,2021-11-11 17:48:39
349305,247303,4,3526,3146,2021-11-11 17:54:07
349598,247566,0,3480,3147,2021-11-11 18:01:14
349903,247871,0,3460,3145,2021-11-11 18:06:22
350190,248158,0,3463,3142,2021-11-11 18:11:10
350488,248447,0,3481,3146,2021-11-11 18:16:09
350747,248674,0,3507,3146,2021-11-11 18:21:27
350841,248674,4,3509,3148,2021-11-11 18:26:25
351043,248759,0,3519,3141,2021-11-11 18:31:13
351270,248922,0,3506,3143,2021-11-11 18:36:11
351314,248922,4,3544,3148,2021-11-11 18:41:19
351331,248922,4,3554,3145,2021-11-11 18:46:17
351350,248922,4,3608,3148,2021-11-11 18:51:15
351351,248922,4,3624,3145,2021-11-11 18:56:13
351362,248922,4,3631,3148,2021-11-11 19:01:11
351364,248922,4,3646,3146,2021-11-11 19:06:19
351365,248922,4,3642,3145,2021-11-11 19:11:17
351398,248922,4,3660,3146,2021-11-11 19:16:15
351574,249041,0,3661,3148,2021-11-11 19:21:13
351629,249053,4,3569,3147,2021-11-11 19:26:22
351649,249053,4,3555,3143,2021-11-11 19:31:20
351654,249053,4,3539,3146,2021-11-11 19:36:18
351673,249053,4,3532,3149,2021-11-11 19:41:16
351705,249053,4,3523,3144,2021-11-11 19:46:14
351773,249065,4,3535,3147,2021-11-11 19:51:22
351775,249065,4,3544,3142,2021-11-11 19:56:20
351777,249065,4,3559,3144,2021-11-11 20:01:18
351792,249065,4,3552,3146,2021-11-11 20:06:17
351796,249065,4,3551,3144,2021-11-11 20:11:15
351800,249065,4,3559,3145,2021-11-11 20:16:23
351806,249065,4,3630,3144,2021-11-11 20:21:21
351814,249065,4,3631,3146,2021-11-11 20:26:19
351875,249081,4,3670,3144,2021-11-11 20:31:17
351930,249081,4,3691,3146,2021-11-11 20:36:15
351932,249081,4,3678,3146,2021-11-11 20:41:23
351943,249081,4,3694,3147,2021-11-11 20:46:22
351976,249081,4,3696,3147,2021-11-11 20:51:20
351982,249081,4,3698,3146,2021-11-11 20:56:18
351982,249081,4,3705,3144,2021-11-11 21:01:16
352011,249081,4,3722,3148,2021-11-11 21:06:24
352059,249081,4,3744,3146,2021-11-11 21:11:22
352075,249081,4,3737,3144,2021-11-11 21:16:20
352076,249081,4,3731,3145,2021-11-11 21:21:18
352106,249081,4,3703,3143,2021-11-11 21:26:27
352106,249081,4,3694,3148,2021-11-11 21:31:25
352118,249081,4,3705,3150,2021-11-11 21:36:23
352123,249081,4,3687,3145,2021-11-11 21:41:21
352132,249081,4,3723,3146,2021-11-11 21:46:19
352168,249081,4,3723,3146,2021-11-11 21:51:27
352170,249081,4,3725,3146,2021-11-11 21:56:25
352208,249091,4,3731,3148,2021-11-11 22:01:23
352351,249128,4,3655,3147,2021-11-11 22:06:22
352394,249139,4,3649,3146,2021-11-11 22:11:20
352433,249139,4,3611,3144,2021-11-11 22:16:28
352455,249139,4,3615,3145,2021-11-11 22:21:26
352473,249139,4,3604,3144,2021-11-11 22:26:24
352473,249139,4,3635,3144,2021-11-11 22:31:22
352588,249168,0,3599,3145,2021-11-11 22:36:30
352627,249168,4,3608,3142,2021-11-11 22:41:28
352648,249168,4,3579,3145,2021-11-11 22:47:36
352693,249168,4,3570,3145,2021-11-11 22:54:03
352705,249168,4,3620,3145,2021-11-11 22:59:01
352729,249168,4,3667,3144,2021-11-11 23:04:00
352730,249168,4,3659,3145,2021-11-11 23:08:58
352730,249168,4,3663,3144,2021-11-11 23:13:56
352732,249168,4,3657,3147,2021-11-11 23:19:04
352732,249168,4,3664,3148,2021-11-11 23:24:02
352806,249184,4,3640,3144,2021-11-11 23:29:30
353015,249303,4,3626,3144,2021-11-11 23:35:48
353121,249317,4,3668,3144,2021-11-11 23:41:35
353162,249317,4,3660,3146,2021-11-11 23:46:34
353202,249331,4,3646,3145,2021-11-11 23:51:22
353235,249345,4,3653,3145,2021-11-11 23:56:30
353247,249345,4,3640,3142,2021-11-12 00:01:38
353256,249345,4,3642,3146,2021-11-12 00:06:46
353269,249345,4,3633,3142,2021-11-12 00:11:34
353298,249345,4,3639,3145,2021-11-12 00:16:42
353420,249385,4,3633,3146,2021-11-12 00:21:40
353481,249385,4,3653,3143,2021-11-12 00:26:38
353507,249385,4,3653,3143,2021-11-12 00:31:36
353527,249385,4,3639,3144,2021-11-12 00:36:34
353551,249385,4,3631,3147,2021-11-12 00:41:42
353569,249385,4,3633,3145,2021-11-12 00:46:40
353645,249428,0,3615,3143,2021-11-12 00:51:38
353666,249428,4,3624,3146,2021-11-12 00:56:48
353699,249428,4,3617,3148,2021-11-12 01:02:07
353759,249428,4,3604,3146,2021-11-12 01:06:57
353834,249428,4,3628,3147,2021-11-12 01:11:46
353892,249428,4,3635,3148,2021-11-12 01:16:45
353921,249428,4,3646,3147,2021-11-12 01:21:44
353930,249428,4,3646,3146,2021-11-12 01:26:44
353932,249428,4,3631,3147,2021-11-12 01:31:53
353965,249428,4,3631,3143,2021-11-12 01:36:52
353983,249428,4,3635,3143,2021-11-12 01:41:52
353987,249428,4,3631,3146,2021-11-12 01:46:51
354001,249428,4,3633,3145,2021-11-12 01:51:50
354007,249428,4,3630,3145,2021-11-12 01:56:59
354039,249428,4,3637,3147,2021-11-12 02:01:59
354099,249428,4,3628,3147,2021-11-12 02:06:58
354170,249428,4,3613,3144,2021-11-12 02:11:57
354193,249428,4,3600,3146,2021-11-12 02:16:57
354253,249440,4,3613,3146,2021-11-12 02:22:06
354288,249450,4,3620,3149,2021-11-12 02:27:05
354301,249450,4,3620,3143,2021-11-12 02:32:04
354335,249450,4,3599,3146,2021-11-12 02:37:04
354342,249450,4,3597,3143,2021-11-12 02:42:03
354364,249450,4,3619,3145,2021-11-12 02:47:12
354404,249450,4,3637,3144,2021-11-12 02:52:11
354435,249469,4,3642,3147,2021-11-12 02:57:11
354440,249469,4,3640,3146,2021-11-12 03:02:20
354488,249469,4,3657,3145,2021-11-12 03:07:09
354535,249484,4,3649,3148,2021-11-12 03:12:18
354589,249504,4,3639,3144,2021-11-12 03:17:18
354642,249504,4,3631,3142,2021-11-12 03:22:17
354653,249504,4,3624,3143,2021-11-12 03:27:16
354693,249504,4,3619,3144,2021-11-12 03:32:16
354703,249504,4,3617,3141,2021-11-12 03:37:25
354710,249504,4,3622,3141,2021-11-12 03:42:24
354742,249504,4,3617,3145,2021-11-12 03:47:23
354745,249504,4,3615,3147,2021-11-12 03:52:23
354800,249534,0,3588,3145,2021-11-12 03:57:22
354897,249575,0,3586,3144,2021-11-12 04:02:31
354918,249575,4,3599,3145,2021-11-12 04:07:31
354926,249575,4,3602,3147,2021-11-12 04:12:30
354995,249586,0,3563,3143,2021-11-12 04:17:49
355009,249586,4,3565,3145,2021-11-12 04:24:58
355159,249663,0,3560,3144,2021-11-12 04:30:08
355303,249695,4,3552,3145,2021-11-12 04:35:07
355417,249722,4,3555,3143,2021-11-12 04:40:06
355603,249867,0,3537,3145,2021-11-12 04:45:05
355657,249879,4,3581,3144,2021-11-12 04:50:05
355752,249916,4,3648,3146,2021-11-12 04:55:14
355973,250073,0,3588,3143,2021-11-12 05:00:13
356267,250366,0,3555,3146,2021-11-12 05:05:13
356559,250647,0,3541,3143,2021-11-12 05:10:12
356846,250928,0,3535,3142,2021-11-12 05:15:11
357154,251236,0,3550,3145,2021-11-12 05:20:20
357428,251488,0,3552,3143,2021-11-12 05:25:20
357688,251698,0,3517,3143,2021-11-12 05:30:19
357923,251831,0,3593,3144,2021-11-12 05:35:18
358140,251984,0,3626,3144,2021-11-12 05:40:27
358406,252211,0,3575,3144,2021-11-12 05:45:27
358538,252235,0,3608,3146,2021-11-12 05:50:26
358772,252400,0,3519,3145,2021-11-12 05:55:25
359022,252582,0,3503,3142,2021-11-12 06:00:35
359164,252663,4,3530,3143,2021-11-12 06:05:24
359192,252663,4,3562,3142,2021-11-12 06:10:33
359240,252663,4,3570,3144,2021-11-12 06:15:33
359356,252686,4,3535,3145,2021-11-12 06:20:32
359377,252686,4,3558,3142,2021-11-12 06:25:31
359572,252838,0,3602,3143,2021-11-12 06:30:30
359729,252928,0,3630,3143,2021-11-12 06:35:40
359839,252993,4,3630,3145,2021-11-12 06:40:39
359900,253010,4,3660,3146,2021-11-12 06:45:38
360081,253095,0,3624,3147,2021-11-12 06:50:37
360218,253145,4,3599,3146,2021-11-12 06:55:37
360378,253241,0,3565,3144,2021-11-12 07:00:46
360466,253253,4,3562,3144,2021-11-12 07:05:45
360660,253338,0,3546,3145,2021-11-12 07:10:44
360740,253380,0,3539,3144,2021-11-12 07:15:44
360774,253380,4,3524,3145,2021-11-12 07:20:43
360878,253449,4,3512,3145,2021-11-12 07:25:52
361046,253513,0,3512,3142,2021-11-12 07:31:02
361092,253513,4,3507,3145,2021-11-12 07:35:51
361102,253513,4,3501,3143,2021-11-12 07:40:50
361122,253527,4,3514,3142,2021-11-12 07:45:59
361186,253551,4,3495,3143,2021-11-12 07:51:19
361201,253551,4,3524,3142,2021-11-12 07:56:18
361218,253551,4,3635,3146,2021-11-12 08:03:27
361219,253551,4,3644,3146,2021-11-12 08:08:26
361229,253551,4,3633,3143,2021-11-12 08:13:36
361235,253551,4,3666,3147,2021-11-12 08:18:35
361239,253551,4,3678,3145,2021-11-12 08:23:34
361243,253551,4,3642,3147,2021-11-12 08:28:34
361251,253551,4,3660,3143,2021-11-12 08:33:33
361281,253565,4,3666,3145,2021-11-12 08:38:52
361322,253565,4,3689,3146,2021-11-12 08:44:32
361376,253565,4,3655,3143,2021-11-12 08:51:31
361415,253565,4,3691,3145,2021-11-12 08:58:50
361419,253565,4,3698,3142,2021-11-12 09:03:49
361459,253565,4,3744,3143,2021-11-12 09:08:48
361486,253565,4,3722,3145,2021-11-12 09:13:47
361550,253565,4,3698,3144,2021-11-12 09:18:47
361631,253580,4,3698,3141,2021-11-12 09:23:46
361645,253580,4,3725,3147,2021-11-12 09:29:15
361763,253653,0,3739,3144,2021-11-12 09:36:24
361836,253669,4,3707,3145,2021-11-12 09:41:33
361876,253669,4,3723,3147,2021-11-12 09:46:23
361916,253669,4,3740,3145,2021-11-12 09:51:22
361980,253669,4,3751,3144,2021-11-12 09:56:31
361989,253669,4,3746,3143,2021-11-12 10:01:31
361997,253669,4,3742,3146,2021-11-12 10:06:40
362005,253669,4,3737,3143,2021-11-12 10:11:29
362019,253669,4,3711,3145,2021-11-12 10:16:29
362091,253669,4,3701,3143,2021-11-12 10:21:58
362119,253669,4,3718,3145,2021-11-12 10:29:07
362126,253669,4,3731,3146,2021-11-12 10:34:06
362155,253669,4,3742,3148,2021-11-12 10:39:06
362321,253781,0,3687,3146,2021-11-12 10:44:15
362469,253884,0,3691,3147,2021-11-12 10:49:14
362512,253895,4,3678,3145,2021-11-12 10:54:14
362566,253907,4,3678,3144,2021-11-12 10:59:13
362735,254012,0,3663,3144,2021-11-12 11:04:12
362884,254081,0,3683,3146,2021-11-12 11:09:31
363006,254125,0,3707,3145,2021-11-12 11:14:21
363101,254176,0,3738,3146,2021-11-12 11:19:20
363292,254282,4,3633,3144,2021-11-12 11:24:19
363489,254400,0,3579,3144,2021-11-12 11:29:19
363505,254400,4,3580,3144,2021-11-12 11:34:28
363585,254434,4,3570,3146,2021-11-12 11:39:27
363647,254461,0,3584,3144,2021-11-12 11:44:26
363817,254513,0,3620,3145,2021-11-12 11:49:26
364060,254682,0,3588,3143,2021-11-12 11:54:25
364198,254733,4,3553,3144,2021-11-12 11:59:34
364280,254760,0,3555,3145,2021-11-12 12:04:34
364356,254798,4,3561,3146,2021-11-12 12:09:33
364380,254798,4,3590,3143,2021-11-12 12:14:32
364386,254798,4,3581,3143,2021-11-12 12:19:32
364438,254798,4,3573,3143,2021-11-12 12:24:51
364569,254822,4,3615,3143,2021-11-12 12:29:40
364683,254833,0,3610,3144,2021-11-12 12:34:40
364742,254844,4,3595,3142,2021-11-12 12:39:29
364764,254844,4,3591,3141,2021-11-12 12:44:38
364790,254844,4,3567,3145,2021-11-12 12:49:48
364798,254844,4,3557,3139,2021-11-12 12:54:49
364980,254903,0,3570,3143,2021-11-12 12:59:48
365119,254919,4,3519,3144,2021-11-12 13:04:47
365326,255072,0,3472,3143,2021-11-12 13:09:46
365579,255273,0,3444,3143,2021-11-12 13:14:46
365851,255481,0,3402,3145,2021-11-12 13:19:55
366047,255621,0,3369,3142,2021-11-12 13:24:54
366335,255906,0,3381,3145,2021-11-12 13:29:54
366639,256196,0,3380,3145,2021-11-12 13:35:03
366938,256495,0,3375,3144,2021-11-12 13:40:02
367255,256812,0,3400,3142,2021-11-12 13:45:22
367537,257094,0,3406,3145,2021-11-12 13:50:11
367823,257371,0,3390,3144,2021-11-12 13:55:00
368071,257541,0,3443,3146,2021-11-12 14:00:00
368279,257692,0,3533,3145,2021-11-12 14:04:59
368505,257805,0,3575,3145,2021-11-12 14:10:08
368667,257876,4,3430,3145,2021-11-12 14:15:08
368829,257926,0,3436,3143,2021-11-12 14:20:07
369019,257999,0,3469,3148,2021-11-12 14:25:06
369163,258039,4,3494,3144,2021-11-12 14:30:06
369355,258108,0,3457,3146,2021-11-12 14:35:15
369621,258318,0,3415,3145,2021-11-12 14:40:14
369668,258328,4,3424,3144,2021-11-12 14:45:14
369759,258328,4,3469,3145,2021-11-12 14:50:13
369997,258543,0,3498,3144,2021-11-12 14:55:12
370213,258690,0,3521,3140,2021-11-12 15:00:21
370424,258796,0,3546,3146,2021-11-12 15:05:21
370505,258821,4,3541,3142,2021-11-12 15:10:20
370755,259008,0,3505,3143,2021-11-12 15:15:29
371026,259255,0,3485,3143,2021-11-12 15:20:19
371185,259336,4,3548,3145,2021-11-12 15:25:28
371301,259405,0,3531,3144,2021-11-12 15:30:27
371496,259539,0,3512,3145,2021-11-12 15:35:27
371601,259563,4,3501,3142,2021-11-12 15:40:26
371785,259653,4,3478,3143,2021-11-12 15:45:25
371919,259709,4,3487,3144,2021-11-12 15:50:34
372126,259855,0,3501,3143,2021-11-12 15:55:34
372388,260104,0,3481,3143,2021-11-12 16:00:33
372556,260185,0,3491,3144,2021-11-12 16:05:32
372625,260223,0,3498,3144,2021-11-12 16:10:52
372635,260223,4,3493,3145,2021-11-12 16:15:41
372639,260223,4,3492,3145,2021-11-12 16:20:31
372648,260223,4,3480,3145,2021-11-12 16:25:40
372662,260223,4,3474,3143,2021-11-12 16:30:39
372678,260223,4,3462,3142,2021-11-12 16:36:08
372754,260276,4,3442,3144,2021-11-12 16:41:08
372905,260362,0,3412,3148,2021-11-12 16:48:17
372942,260373,4,3406,3146,2021-11-12 16:53:16
372965,260373,4,3390,3145,2021-11-12 16:58:15
373005,260384,4,3377,3144,2021-11-12 17:03:15
373011,260384,4,3397,3146,2021-11-12 17:08:24
373025,260384,4,3426,3145,2021-11-12 17:13:53
373035,260384,4,3404,3145,2021-11-12 17:20:52
373090,260384,4,3461,3144,2021-11-12 17:25:51
373158,260400,4,3453,3143,2021-11-12 17:31:00
373176,260400,4,3493,3144,2021-11-12 17:36:00
373190,260400,4,3539,3144,2021-11-12 17:40:59
373196,260400,4,3572,3145,2021-11-12 17:45:58
373199,260400,4,3615,3141,2021-11-12 17:50:58
373200,260400,4,3617,3147,2021-11-12 17:56:07
373282,260450,0,3557,3144,2021-11-12 18:01:06
373588,260746,0,3460,3143,2021-11-12 18:06:15
373873,261039,0,3407,3144,2021-11-12 18:11:05
374168,261326,0,3383,3149,2021-11-12 18:16:04
374484,261642,0,3391,3142,2021-11-12 18:21:23
374717,261836,0,3501,3144,2021-11-12 18:26:13
374770,261857,4,3460,3143,2021-11-12 18:31:12
374878,261917,0,3433,3141,2021-11-12 18:36:11
374910,261936,4,3399,3143,2021-11-12 18:41:10
374930,261946,4,3391,3141,2021-11-12 18:46:20
374988,261970,4,3426,3143,2021-11-12 18:51:19
375122,262057,0,3528,3143,2021-11-12 18:56:38
375289,262108,4,3570,3146,2021-11-12 19:02:07
375309,262108,4,3580,3143,2021-11-12 19:08:46
375314,262108,4,3610,3146,2021-11-12 19:13:55
375316,262108,4,3608,3144,2021-11-12 19:18:55
375318,262108,4,3626,3143,2021-11-12 19:23:54
375318,262108,4,3637,3141,2021-11-12 19:29:23
375324,262108,4,3653,3142,2021-11-12 19:34:13
375350,262118,4,3670,3145,2021-11-12 19:39:12
375385,262118,4,3687,3144,2021-11-12 19:44:41
375476,262132,4,3642,3145,2021-11-12 19:51:30
375544,262158,4,3619,3147,2021-11-12 19:56:30
375551,262158,4,3622,3143,2021-11-12 20:01:49
375592,262188,4,3651,3142,2021-11-12 20:06:38
375593,262188,4,3653,3143,2021-11-12 20:13:57
375614,262188,4,3649,3143,2021-11-12 20:19:07
375617,262188,4,3639,3144,2021-11-12 20:24:06
375632,262188,4,3642,3146,2021-11-12 20:29:15
375636,262188,4,3649,3141,2021-11-12 20:34:15
375640,262188,4,3651,3147,2021-11-12 20:39:14
375657,262188,4,3653,3144,2021-11-12 20:44:13
375657,262188,4,3667,3145,2021-11-12 20:49:13
375732,262202,4,3666,3144,2021-11-12 20:54:22
375802,262215,4,3649,3144,2021-11-12 20:59:21
375889,262266,4,3633,3141,2021-11-12 21:04:21
375988,262329,4,3510,3144,2021-11-12 21:09:20
376001,262329,4,3485,3143,2021-11-12 21:14:19
376009,262329,4,3492,3143,2021-11-12 21:19:29
376017,262329,4,3488,3145,2021-11-12 21:24:28
376031,262329,4,3486,3143,2021-11-12 21:29:27
376041,262329,4,3476,3143,2021-11-12 21:34:27
376085,262329,4,3474,3141,2021-11-12 21:39:26
376162,262340,4,3462,3142,2021-11-12 21:44:35
376245,262365,4,3481,3145,2021-11-12 21:49:34
376268,262365,4,3483,3144,2021-11-12 21:54:34
376270,262365,4,3499,3141,2021-11-12 21:59:33
376276,262365,4,3514,3144,2021-11-12 22:04:32
376292,262365,4,3492,3143,2021-11-12 22:09:41
376295,262365,4,3524,3146,2021-11-12 22:16:21
376358,262375,4,3512,3145,2021-11-12 22:22:10
376407,262375,4,3535,3140,2021-11-12 22:27:09
376488,262391,4,3521,3142,2021-11-12 22:32:08
376490,262391,4,3528,3144,2021-11-12 22:37:18
376527,262391,4,3532,3144,2021-11-12 22:42:17
376535,262391,4,3522,3142,2021-11-12 22:47:16
376548,262391,4,3516,3141,2021-11-12 22:52:06
376548,262391,4,3523,3146,2021-11-12 22:57:15
376565,262391,4,3530,3143,2021-11-12 23:02:24
376595,262391,4,3523,3143,2021-11-12 23:07:23
376611,262391,4,3517,3141,2021-11-12 23:12:23
376625,262391,4,3541,3141,2021-11-12 23:17:22
376643,262391,4,3586,3141,2021-11-12 23:22:21
376657,262391,4,3548,3143,2021-11-12 23:27:31
376662,262391,4,3496,3140,2021-11-12 23:32:30
376674,262391,4,3485,3143,2021-11-12 23:37:39
376718,262391,4,3476,3142,2021-11-12 23:42:28
376794,262391,4,3508,3142,2021-11-12 23:48:57
376824,262391,4,3522,3141,2021-11-12 23:55:07
376892,262409,4,3557,3141,2021-11-13 00:00:06
376929,262409,4,3581,3144,2021-11-13 00:05:05
376986,262419,4,3637,3139,2021-11-13 00:10:04
376988,262419,4,3608,3143,2021-11-13 00:15:14
376998,262419,4,3620,3142,2021-11-13 00:20:33
377061,262419,4,3649,3141,2021-11-13 00:27:52
377084,262419,4,3664,3142,2021-11-13 00:32:41
377107,262419,4,3666,3142,2021-11-13 00:37:41
377112,262419,4,3694,3143,2021-11-13 00:42:50
377194,262429,4,3694,3145,2021-11-13 00:47:49
377221,262429,4,3700,3144,2021-11-13 00:52:49
377259,262448,0,3714,3144,2021-11-13 00:57:48
377285,262448,4,3675,3143,2021-11-13 01:03:15
377463,262522,0,3588,3142,2021-11-13 01:10:22
377467,262522,4,3597,3143,2021-11-13 01:15:29
377468,262522,4,3599,3143,2021-11-13 01:20:26
377528,262533,4,3622,3142,2021-11-13 01:25:24
377532,262533,4,3604,3144,2021-11-13 01:30:31
377546,262533,4,3600,3143,2021-11-13 01:35:29
377559,262533,4,3610,3141,2021-11-13 01:40:36
377565,262533,4,3660,3144,2021-11-13 01:45:34
377565,262533,4,3670,3143,2021-11-13 01:50:31
377566,262533,4,3682,3142,2021-11-13 01:55:39
377566,262533,4,3684,3142,2021-11-13 02:00:36
377620,262543,4,3698,3142,2021-11-13 02:05:44
377650,262543,4,3682,3146,2021-11-13 02:10:41
377692,262543,4,3691,3144,2021-11-13 02:15:39
377702,262543,4,3701,3143,2021-11-13 02:20:46
377703,262543,4,3707,3142,2021-11-13 02:25:44
377717,262543,4,3700,3145,2021-11-13 02:30:51
377723,262543,4,3687,3141,2021-11-13 02:35:59
377736,262543,4,3668,3141,2021-11-13 02:40:46
377814,262543,4,3657,3143,2021-11-13 02:46:09
377827,262543,4,3642,3145,2021-11-13 02:51:06
377861,262543,4,3657,3142,2021-11-13 02:56:14
377862,262543,4,3659,3146,2021-11-13 03:01:11
377978,262560,0,3659,3143,2021-11-13 03:06:09
378028,262560,4,3648,3143,2021-11-13 03:11:16
378041,262560,4,3639,3146,2021-11-13 03:16:14
378041,262560,4,3633,3142,2021-11-13 03:21:22
378041,262560,4,3630,3142,2021-11-13 03:26:19
378054,262560,4,3631,3146,2021-11-13 03:31:17
378054,262560,4,3649,3144,2021-11-13 03:36:24
378067,262560,4,3659,3143,2021-11-13 03:41:22
378068,262560,4,3633,3143,2021-11-13 03:46:29
378076,262560,4,3624,3142,2021-11-13 03:51:27
378092,262560,4,3637,3145,2021-11-13 03:56:24
378163,262560,4,3635,3147,2021-11-13 04:01:32
378231,262560,4,3624,3144,2021-11-13 04:06:39
378248,262560,4,3640,3144,2021-11-13 04:11:37
378297,262587,0,3628,3142,2021-11-13 04:17:24
378623,262813,0,3597,3142,2021-11-13 04:24:10
378719,262871,0,3684,3144,2021-11-13 04:29:18
378985,263116,0,3711,3142,2021-11-13 04:34:15
379069,263187,4,3738,3145,2021-11-13 04:39:13
379105,263187,4,3742,3148,2021-11-13 04:44:20
379246,263252,0,3748,3144,2021-11-13 04:49:08
379457,263382,0,3739,3142,2021-11-13 04:55:05
379637,263464,4,3682,3143,2021-11-13 05:01:52
379774,263515,0,3637,3143,2021-11-13 05:06:49
379866,263547,4,3646,3146,2021-11-13 05:11:47
379917,263547,4,3639,3145,2021-11-13 05:16:54
379922,263547,4,3622,3141,2021-11-13 05:21:52
379962,263547,4,3628,3145,2021-11-13 05:26:49
379991,263547,4,3586,3143,2021-11-13 05:31:57
380031,263547,4,3577,3146,2021-11-13 05:36:54
380272,263736,0,3579,3143,2021-11-13 05:42:02
380575,264039,0,3568,3142,2021-11-13 05:47:09
380869,264332,0,3560,3144,2021-11-13 05:52:07
381158,264621,0,3573,3141,2021-11-13 05:57:04
381452,264910,0,3562,3142,2021-11-13 06:02:12
381724,265173,0,3577,3141,2021-11-13 06:07:09
382019,265423,0,3586,3143,2021-11-13 06:12:26
382291,265630,0,3574,3144,2021-11-13 06:19:43
382409,265651,4,3495,3142,2021-11-13 06:25:00
382648,265799,0,3499,3142,2021-11-13 06:32:17
382911,266024,0,3480,3147,2021-11-13 06:37:14
382964,266047,4,3552,3144,2021-11-13 06:42:12
383018,266058,4,3535,3144,2021-11-13 06:47:19
383142,266093,0,3535,3143,2021-11-13 06:52:17
383399,266268,0,3577,3143,2021-11-13 06:57:44
383474,266268,4,3615,3142,2021-11-13 07:02:31
383599,266338,0,3668,3143,2021-11-13 07:07:19
383629,266338,4,3666,3145,2021-11-13 07:12:26
383707,266362,4,3648,3142,2021-11-13 07:17:34
383731,266362,4,3624,3142,2021-11-13 07:22:32
383760,266362,4,3633,3141,2021-11-13 07:27:29
383792,266379,4,3595,3142,2021-11-13 07:32:27
383820,266379,4,3586,3138,2021-11-13 07:37:34
383848,266379,4,3637,3142,2021-11-13 07:42:42
383848,266379,4,3664,3145,2021-11-13 07:47:39
383889,266396,4,3655,3143,2021-11-13 07:52:37
383934,266411,0,3584,3142,2021-11-13 07:57:34
383937,266411,4,3630,3141,2021-11-13 08:02:42
383963,266411,4,3678,3145,2021-11-13 08:07:40
384010,266424,4,3731,3142,2021-11-13 08:12:47
384034,266424,4,3731,3143,2021-11-13 08:17:55
384058,266424,4,3675,3143,2021-11-13 08:23:52
384065,266424,4,3689,3145,2021-11-13 08:30:18
384139,266456,4,3700,3143,2021-11-13 08:35:16
384164,266456,4,3689,3141,2021-11-13 08:40:43
384167,266456,4,3735,3143,2021-11-13 08:46:50
384198,266456,4,3746,3146,2021-11-13 08:52:47
384231,266456,4,3712,3144,2021-11-13 08:57:55
384345,266532,4,3714,3141,2021-11-13 09:02:53
384366,266532,4,3720,3142,2021-11-13 09:08:00
384373,266532,4,3692,3143,2021-11-13 09:12:57
384396,266532,4,3724,3144,2021-11-13 09:17:55
384425,266532,4,3751,3145,2021-11-13 09:23:02
384425,266532,4,3762,3146,2021-11-13 09:28:00
384437,266532,4,3759,3144,2021-11-13 09:33:08
384441,266532,4,3770,3145,2021-11-13 09:38:05
384441,266532,4,3780,3145,2021-11-13 09:43:03
384549,266611,0,3670,3145,2021-11-13 09:48:10
384549,266611,4,3685,3144,2021-11-13 09:53:08
384563,266611,4,3714,3144,2021-11-13 09:58:15
384676,266623,4,3668,3148,2021-11-13 10:03:13
384822,266728,0,3672,3145,2021-11-13 10:08:11
384918,266772,4,3608,3142,2021-11-13 10:13:18
385021,266851,0,3626,3142,2021-11-13 10:18:16
385149,266967,0,3653,3142,2021-11-13 10:23:13
385271,267051,0,3553,3143,2021-11-13 10:28:21
385403,267102,4,3651,3145,2021-11-13 10:33:18
385453,267102,4,3687,3142,2021-11-13 10:38:26
385460,267102,4,3720,3146,2021-11-13 10:43:23
385470,267102,4,3740,3146,2021-11-13 10:48:21
385566,267147,0,3735,3142,2021-11-13 10:53:28
385683,267250,4,3712,3143,2021-11-13 10:58:26
385693,267250,4,3712,3146,2021-11-13 11:03:33
385693,267250,4,3718,3145,2021-11-13 11:08:31
385756,267250,4,3750,3143,2021-11-13 11:13:38
385791,267250,4,3725,3146,2021-11-13 11:18:36
385796,267250,4,3731,3146,2021-11-13 11:23:33
385803,267250,4,3755,3143,2021-11-13 11:28:41
385822,267250,4,3760,3143,2021-11-13 11:33:38
385851,267250,4,3760,3144,2021-11-13 11:38:36
385921,267250,4,3744,3144,2021-11-13 11:43:44
386046,267288,0,3755,3145,2021-11-13 11:48:51
386081,267298,4,3760,3144,2021-11-13 11:53:49
386200,267323,4,3735,3143,2021-11-13 11:58:46
386274,267333,4,3581,3144,2021-11-13 12:03:44
386526,267522,0,3499,3142,2021-11-13 12:08:51
386640,267617,4,3483,3144,2021-11-13 12:13:49
386668,267617,4,3492,3142,2021-11-13 12:18:56
386698,267617,4,3481,3143,2021-11-13 12:23:54
386816,267672,4,3523,3142,2021-11-13 12:28:51
386953,267749,4,3505,3142,2021-11-13 12:33:59
387086,267772,4,3485,3146,2021-11-13 12:38:56
387196,267814,0,3519,3144,2021-11-13 12:45:23
387263,267814,4,3530,3140,2021-11-13 12:51:32
387395,267846,0,3548,3143,2021-11-13 12:56:29
387574,267961,0,3526,3144,2021-11-13 13:01:36
387660,268011,4,3515,3142,2021-11-13 13:06:33
387758,268021,4,3507,3145,2021-11-13 13:11:31
387915,268111,4,3505,3144,2021-11-13 13:17:18
388102,268214,0,3485,3141,2021-11-13 13:24:04
388398,268499,0,3477,3144,2021-11-13 13:29:11
388680,268763,0,3470,3141,2021-11-13 13:34:08
388996,269077,0,3481,3140,2021-11-13 13:39:35
389408,269481,0,3490,3141,2021-11-13 13:46:41
389716,269789,0,3519,3143,2021-11-13 13:51:49
389964,269964,0,3501,3141,2021-11-13 13:56:46
390199,270146,0,3546,3140,2021-11-13 14:01:43
390416,270305,0,3480,3141,2021-11-13 14:06:50
390561,270369,0,3456,3140,2021-11-13 14:11:57
390599,270369,4,3447,3141,2021-11-13 14:16:55
390642,270369,4,3451,3140,2021-11-13 14:21:52
390706,270369,4,3465,3139,2021-11-13 14:26:49
390919,270540,0,3447,3142,2021-11-13 14:31:56
391060,270569,4,3434,3139,2021-11-13 14:36:54
391106,270581,4,3452,3138,2021-11-13 14:41:51
391244,270581,4,3455,3140,2021-11-13 14:46:58
391375,270642,4,3449,3142,2021-11-13 14:51:55
391481,270705,0,3458,3139,2021-11-13 14:57:03
391649,270820,0,3478,3142,2021-11-13 15:02:10
391902,271023,0,3548,3139,2021-11-13 15:06:57
392116,271084,4,3591,3141,2021-11-13 15:12:04
392369,271280,0,3606,3141,2021-11-13 15:17:01
392629,271512,0,3602,3140,2021-11-13 15:22:08
392889,271749,0,3593,3139,2021-11-13 15:27:06
393054,271847,4,3619,3143,2021-11-13 15:32:03
393220,271960,0,3602,3142,2021-11-13 15:37:10
393345,271994,4,3542,3138,2021-11-13 15:42:27
393350,271994,4,3541,3143,2021-11-13 15:47:24
393383,271994,4,3526,3141,2021-11-13 15:52:11
393509,272056,0,3508,3140,2021-11-13 15:57:09
393787,272297,0,3434,3141,2021-11-13 16:02:16
394045,272518,0,3436,3142,2021-11-13 16:07:13
394180,272567,0,3472,3141,2021-11-13 16:12:20
394292,272590,4,3588,3141,2021-11-13 16:17:18
394437,272629,4,3685,3145,2021-11-13 16:22:15
394576,272678,0,3720,3141,2021-11-13 16:27:22
394638,272679,4,3667,3146,2021-11-13 16:32:19
394652,272679,4,3661,3143,2021-11-13 16:37:27
394677,272679,4,3653,3141,2021-11-13 16:42:24
394748,272710,4,3651,3143,2021-11-13 16:47:21
394748,272710,4,3651,3143,2021-11-13 16:47:21
394955,272821,4,3617,3143,2021-11-13 16:52:28
395028,272821,4,3682,3144,2021-11-13 16:57:25
395130,272899,4,3725,3137,2021-11-13 17:02:32
395147,272899,4,3755,3140,2021-11-13 17:07:30
395151,272899,4,3740,3142,2021-11-13 17:12:27
395183,272899,4,3746,3142,2021-11-13 17:17:34
395214,272910,4,3768,3143,2021-11-13 17:22:31
395231,272910,4,3775,3143,2021-11-13 17:27:48
395301,272921,4,3771,3142,2021-11-13 17:32:36
395319,272921,4,3784,3144,2021-11-13 17:37:33
395353,272921,4,3788,3144,2021-11-13 17:42:40
395363,272921,4,3799,3140,2021-11-13 17:47:38
395387,272921,4,3795,3145,2021-11-13 17:52:45
395457,272921,4,3797,3145,2021-11-13 17:59:22
395505,272921,4,3709,3144,2021-11-13 18:04:38
395751,273124,0,3613,3142,2021-11-13 18:10:15
396047,273420,0,3599,3142,2021-11-13 18:15:13
396349,273718,0,3617,3142,2021-11-13 18:20:20
396644,273988,0,3692,3143,2021-11-13 18:25:27
396895,274188,0,3649,3140,2021-11-13 18:30:24
397074,274298,0,3637,3142,2021-11-13 18:35:22
397228,274432,0,3648,3146,2021-11-13 18:40:19
397230,274432,4,3644,3145,2021-11-13 18:45:26
397232,274432,4,3657,3141,2021-11-13 18:50:23
397237,274432,4,3666,3144,2021-11-13 18:55:31
397242,274432,4,3659,3139,2021-11-13 19:00:28
397271,274445,0,3659,3144,2021-11-13 19:05:25
397272,274445,4,3672,3145,2021-11-13 19:10:32
397277,274445,4,3685,3146,2021-11-13 19:15:30
397317,274445,4,3682,3141,2021-11-13 19:20:37
397318,274445,4,3689,3143,2021-11-13 19:25:34
397318,274445,4,3691,3145,2021-11-13 19:30:31
397325,274445,4,3691,3141,2021-11-13 19:35:39
397464,274483,0,3631,3146,2021-11-13 19:40:36
397520,274508,4,3619,3141,2021-11-13 19:45:43
397634,274520,4,3579,3141,2021-11-13 19:50:40
397634,274520,4,3599,3144,2021-11-13 19:55:37
397635,274520,4,3610,3146,2021-11-13 20:00:44
397646,274520,4,3611,3139,2021-11-13 20:08:10
397688,274532,0,3591,3142,2021-11-13 20:13:18
397690,274532,4,3575,3146,2021-11-13 20:18:15
397769,274542,4,3666,3142,2021-11-13 20:23:22
397942,274634,0,3740,3143,2021-11-13 20:28:19
398002,274634,4,3751,3142,2021-11-13 20:33:16
398004,274634,4,3751,3142,2021-11-13 20:38:24
398011,274634,4,3766,3144,2021-11-13 20:43:21
398024,274634,4,3775,3143,2021-11-13 20:48:28
398044,274634,4,3771,3143,2021-11-13 20:53:25
398047,274634,4,3762,3143,2021-11-13 20:58:23
398049,274634,4,3759,3144,2021-11-13 21:03:30
398067,274645,4,3753,3144,2021-11-13 21:08:27
398075,274645,4,3770,3144,2021-11-13 21:15:13
398126,274657,4,3770,3144,2021-11-13 21:21:10
398143,274657,4,3771,3145,2021-11-13 21:26:07
398187,274667,4,3775,3145,2021-11-13 21:31:05
398221,274667,4,3766,3143,2021-11-13 21:36:02
398225,274667,4,3757,3143,2021-11-13 21:41:09
398227,274667,4,3760,3146,2021-11-13 21:46:06
398273,274667,4,3777,3144,2021-11-13 21:53:42
398285,274667,4,3780,3144,2021-11-13 21:58:39
398291,274667,4,3795,3144,2021-11-13 22:03:47
398309,274667,4,3793,3141,2021-11-13 22:08:44
398341,274667,4,3802,3144,2021-11-13 22:13:41
398368,274667,4,3811,3144,2021-11-13 22:18:48
398442,274717,4,3822,3143,2021-11-13 22:23:55
398487,274717,4,3815,3147,2021-11-13 22:28:53
398499,274717,4,3820,3144,2021-11-13 22:33:50
398518,274717,4,3820,3145,2021-11-13 22:39:27
398554,274717,4,3824,3145,2021-11-13 22:46:23
398554,274717,4,3819,3144,2021-11-13 22:51:20
398554,274717,4,3820,3145,2021-11-13 22:56:28
398569,274717,4,3815,3145,2021-11-13 23:01:25
398591,274717,4,3820,3147,2021-11-13 23:06:22
398618,274728,4,3813,3145,2021-11-13 23:11:29
398647,274738,4,3826,3143,2021-11-13 23:16:26
398651,274738,4,3822,3145,2021-11-13 23:21:34
398663,274738,4,3826,3145,2021-11-13 23:26:31
398708,274738,4,3826,3146,2021-11-13 23:31:28
398768,274753,4,3810,3145,2021-11-13 23:36:25
398824,274765,4,3795,3144,2021-11-13 23:41:33
398839,274765,4,3799,3145,2021-11-13 23:46:40
398894,274776,4,3797,3145,2021-11-13 23:51:37
398911,274776,4,3822,3145,2021-11-13 23:56:54
398926,274776,4,3833,3142,2021-11-14 00:01:42
398932,274776,4,3831,3139,2021-11-14 00:06:39
398938,274776,4,3839,3145,2021-11-14 00:11:46
398960,274776,4,3848,3146,2021-11-14 00:16:43
399003,274776,4,3854,3145,2021-11-14 00:21:41
399052,274776,4,3850,3147,2021-11-14 00:26:48
399077,274776,4,3863,3143,2021-11-14 00:32:25
399089,274776,4,3866,3149,2021-11-14 00:37:12
399090,274776,4,3855,3144,2021-11-14 00:44:20
399093,274776,4,3850,3145,2021-11-14 00:49:17
399096,274776,4,3855,3147,2021-11-14 00:54:25
399098,274776,4,3850,3144,2021-11-14 00:59:32
399103,274776,4,3848,3143,2021-11-14 01:04:30
399103,274776,4,3855,3147,2021-11-14 01:09:27
399109,274776,4,3855,3145,2021-11-14 01:14:25
399110,274776,4,3842,3145,2021-11-14 01:19:32
399131,274776,4,3835,3144,2021-11-14 01:24:30
399173,274798,0,3837,3145,2021-11-14 01:29:37
399213,274798,4,3837,3143,2021-11-14 01:34:35
399300,274844,0,3831,3144,2021-11-14 01:39:52
399337,274844,4,3853,3146,2021-11-14 01:55:05
399508,274949,4,3840,3146,2021-11-14 02:02:21
399508,274949,4,3844,3146,2021-11-14 02:07:39
399531,274949,4,3846,3147,2021-11-14 02:14:45
399563,274949,4,3842,3148,2021-11-14 02:19:43
399591,274959,4,3819,3146,2021-11-14 02:25:02
399601,274959,4,3829,3143,2021-11-14 02:29:58
399622,274959,4,3840,3146,2021-11-14 02:34:45
399685,274971,4,3839,3145,2021-11-14 02:40:23
399747,274971,4,3824,3145,2021-11-14 02:45:40
399777,274971,4,3828,3147,2021-11-14 02:53:46
399885,274999,4,3750,3142,2021-11-14 02:59:53
400054,275085,0,3759,3145,2021-11-14 03:04:51
400221,275142,0,3758,3144,2021-11-14 03:09:58
400309,275168,4,3762,3150,2021-11-14 03:14:56
400341,275168,4,3753,3147,2021-11-14 03:19:53
400367,275180,0,3768,3143,2021-11-14 03:25:01
400369,275180,4,3766,3143,2021-11-14 03:29:58
400373,275180,4,3753,3144,2021-11-14 03:35:06
400375,275180,4,3755,3147,2021-11-14 03:40:03
400377,275180,4,3748,3148,2021-11-14 03:45:01
400382,275180,4,3762,3145,2021-11-14 03:50:08
400384,275180,4,3770,3147,2021-11-14 03:55:06
400385,275180,4,3766,3146,2021-11-14 04:00:14
400395,275180,4,3773,3148,2021-11-14 04:05:21
400428,275180,4,3769,3143,2021-11-14 04:10:09
400482,275180,4,3759,3141,2021-11-14 04:15:16
400541,275191,4,3753,3142,2021-11-14 04:20:14
400551,275191,4,3760,3144,2021-11-14 04:25:21
400556,275191,4,3773,3146,2021-11-14 04:30:21
400579,275191,4,3773,3143,2021-11-14 04:35:19
400581,275191,4,3762,3145,2021-11-14 04:40:27
400585,275191,4,3751,3147,2021-11-14 04:45:24
400634,275202,4,3750,3147,2021-11-14 04:50:32
400716,275226,0,3738,3145,2021-11-14 04:55:29
400870,275285,0,3727,3145,2021-11-14 05:00:27
401090,275470,0,3716,3144,2021-11-14 05:05:34
401376,275733,0,3716,3144,2021-11-14 05:10:31
401688,276052,0,3733,3145,2021-11-14 05:15:49
401960,276314,0,3746,3142,2021-11-14 05:20:36
402241,276577,0,3753,3144,2021-11-14 05:25:34
402535,276850,0,3776,3144,2021-11-14 05:30:41
402774,277034,0,3729,3145,2021-11-14 05:35:39
402835,277066,4,3727,3143,2021-11-14 05:41:16
402857,277066,4,3731,3145,2021-11-14 05:48:13
403092,277242,0,3720,3145,2021-11-14 05:53:10
403182,277269,4,3709,3145,2021-11-14 05:58:18
403266,277269,4,3712,3146,2021-11-14 06:03:15
403524,277434,0,3597,3147,2021-11-14 06:08:33
403634,277484,0,3588,3145,2021-11-14 06:13:20
403774,277521,4,3613,3144,2021-11-14 06:18:57
403925,277596,0,3572,3146,2021-11-14 06:25:24
404205,277840,0,3635,3146,2021-11-14 06:30:42
404392,277963,4,3548,3144,2021-11-14 06:37:58
404480,277978,4,3640,3146,2021-11-14 06:42:55
404546,277996,0,3684,3146,2021-11-14 06:47:53
404773,278155,0,3657,3148,2021-11-14 06:53:00
404876,278204,4,3597,3148,2021-11-14 06:57:58
404907,278204,4,3606,3145,2021-11-14 07:03:25
405053,278236,4,3566,3146,2021-11-14 07:10:32
405141,278246,4,3567,3145,2021-11-14 07:15:49
405215,278258,4,3550,3145,2021-11-14 07:20:37
405231,278258,4,3539,3145,2021-11-14 07:25:34
405250,278258,4,3550,3144,2021-11-14 07:30:42
405277,278269,4,3539,3143,2021-11-14 07:35:29
405420,278304,0,3532,3143,2021-11-14 07:40:47
405582,278394,0,3606,3141,2021-11-14 07:45:44
405712,278405,4,3560,3144,2021-11-14 07:50:42
405774,278417,0,3555,3142,2021-11-14 07:55:49
405848,278434,0,3512,3144,2021-11-14 08:00:47
405968,278462,4,3510,3142,2021-11-14 08:05:54
406022,278462,4,3544,3144,2021-11-14 08:11:02
406109,278473,4,3555,3143,2021-11-14 08:15:59
406122,278473,4,3557,3144,2021-11-14 08:20:57
406128,278473,4,3525,3146,2021-11-14 08:26:24
406139,278473,4,3523,3145,2021-11-14 08:33:30
406162,278473,4,3516,3144,2021-11-14 08:38:28
406234,278515,4,3651,3145,2021-11-14 08:43:55
406296,278515,4,3655,3142,2021-11-14 08:48:43
406342,278527,4,3703,3145,2021-11-14 08:53:40
406391,278527,4,3731,3144,2021-11-14 09:01:36
406396,278527,4,3740,3142,2021-11-14 09:06:34
406396,278527,4,3762,3145,2021-11-14 09:11:21
406402,278527,4,3764,3143,2021-11-14 09:16:09
406445,278527,4,3725,3145,2021-11-14 09:21:16
406481,278527,4,3753,3141,2021-11-14 09:27:43
406560,278527,4,3716,3144,2021-11-14 09:33:40
406594,278527,4,3727,3145,2021-11-14 09:40:27
406620,278527,4,3714,3147,2021-11-14 09:45:14
406663,278527,4,3733,3146,2021-11-14 09:58:48
406691,278527,4,3748,3143,2021-11-14 10:05:34
406697,278527,4,3740,3145,2021-11-14 10:10:42
406713,278527,4,3748,3143,2021-11-14 10:18:58
406732,278527,4,3723,3146,2021-11-14 10:25:24
406757,278527,4,3744,3146,2021-11-14 10:30:22
406776,278527,4,3750,3147,2021-11-14 10:35:39
406783,278527,4,3750,3146,2021-11-14 10:40:27
406786,278527,4,3748,3145,2021-11-14 10:45:35
406791,278527,4,3751,3141,2021-11-14 10:51:02
406791,278527,4,3748,3146,2021-11-14 10:59:18
406793,278527,4,3751,3147,2021-11-14 11:04:05
406799,278527,4,3751,3143,2021-11-14 11:11:02
406880,278540,4,3737,3143,2021-11-14 11:18:08
406958,278554,4,3698,3144,2021-11-14 11:23:06
407015,278554,4,3667,3144,2021-11-14 11:28:03
407149,278605,0,3619,3144,2021-11-14 11:33:11
407211,278605,4,3554,3145,2021-11-14 11:46:34
408558,279445,4,3523,3143,2021-11-14 12:29:23
409101,279669,4,3559,3146,2021-11-14 13:02:34
409257,279703,4,3584,3141,2021-11-14 13:12:41
409308,279703,4,3544,3147,2021-11-14 13:18:00
409554,279812,0,3456,3145,2021-11-14 13:25:48
410140,280388,0,3489,3141,2021-11-14 13:35:55
411034,281202,0,3517,3140,2021-11-14 13:52:01
412126,281769,4,3483,3142,2021-11-14 14:18:24
412987,282193,4,3476,3144,2021-11-14 14:39:48
413711,282680,0,3451,3144,2021-11-14 14:57:43
414108,282750,0,3505,3141,2021-11-14 15:17:58
414453,282927,4,3499,3142,2021-11-14 15:30:25
414758,283134,4,3503,3142,2021-11-14 15:37:43
415118,283456,4,3496,3142,2021-11-14 15:45:31
415503,283759,0,3501,3140,2021-11-14 15:53:18
415867,283926,4,3476,3140,2021-11-14 16:15:03
416153,284029,4,3567,3144,2021-11-14 16:29:39
416524,284281,4,3530,3140,2021-11-14 16:41:46
419924,286761,4,3439,3142,2021-11-14 19:48:07
420115,286795,4,3440,3139,2021-11-14 20:31:15
420478,286827,4,3506,3138,2021-11-14 21:35:18
420486,286827,4,3523,3141,2021-11-14 21:41:46
420499,286827,4,3530,3139,2021-11-14 21:53:43
420646,286827,4,3702,3141,2021-11-14 22:21:06
420646,286827,4,3700,3140,2021-11-14 22:27:04
420957,286827,4,3751,3139,2021-11-14 23:40:25
421221,286856,4,3750,3142,2021-11-15 01:24:20
421628,286933,4,3653,3143,2021-11-15 03:59:35
421787,286960,4,3542,3142,2021-11-15 04:31:05
422361,287262,4,3501,3144,2021-11-15 05:12:10
425029,289351,4,3449,3142,2021-11-15 06:47:31
426325,289843,4,3411,3140,2021-11-15 07:24:58
426711,290089,4,3440,3142,2021-11-15 07:35:21
427391,290583,0,3582,3137,2021-11-15 07:54:00
427446,290594,4,3595,3139,2021-11-15 08:02:45
427780,290696,0,3510,3140,2021-11-15 08:20:24
429426,291243,0,3470,3143,2021-11-15 11:25:49
429983,291512,4,3494,3140,2021-11-15 12:12:00
430304,291605,4,3492,3143,2021-11-15 12:40:17
432737,293333,0,3388,3144,2021-11-15 13:47:37
433033,293447,0,3474,3139,2021-11-15 13:57:22
433252,293494,4,3595,3138,2021-11-15 14:09:07
434037,293822,4,3600,3142,2021-11-15 14:40:33
434734,294461,4,3206,3137,2021-11-15 14:52:58
435010,294705,0,3294,3139,2021-11-15 14:58:06
435256,294863,0,3409,3140,2021-11-15 15:03:04
435436,294956,0,3478,3138,2021-11-15 15:08:31
435550,294980,4,3556,3137,2021-11-15 15:15:38
435721,295034,4,3619,3139,2021-11-15 15:20:56
435779,295034,4,3624,3139,2021-11-15 15:25:44
435845,295047,0,3557,3144,2021-11-15 15:31:01
436097,295277,0,3571,3143,2021-11-15 15:35:49
436346,295466,4,3440,3142,2021-11-15 15:40:47
436603,295647,0,3400,3140,2021-11-15 15:45:45
436867,295849,0,3597,3137,2021-11-15 15:50:53
437120,296024,0,3497,3139,2021-11-15 15:55:51
437211,296065,4,3480,3142,2021-11-15 16:02:18
437331,296095,4,3449,3140,2021-11-15 16:08:25
437350,296095,4,3450,3138,2021-11-15 16:13:33
437460,296130,0,3447,3136,2021-11-15 16:18:31
437645,296218,0,3503,3138,2021-11-15 16:23:28
437848,296307,4,3456,3139,2021-11-15 16:28:36
438004,296386,0,3452,3137,2021-11-15 16:33:34
438084,296386,4,3485,3137,2021-11-15 16:39:11
438085,296386,4,3467,3138,2021-11-15 16:44:29
438108,296386,4,3447,3138,2021-11-15 16:51:06
438129,296386,4,3440,3136,2021-11-15 16:56:14
438312,296423,4,3440,3140,2021-11-15 17:01:21
438529,296495,0,3430,3139,2021-11-15 17:06:49
438556,296495,4,3443,3141,2021-11-15 17:13:46
438562,296495,4,3436,3136,2021-11-15 17:18:54
438578,296495,4,3424,3140,2021-11-15 17:23:51
438612,296516,0,3445,3137,2021-11-15 17:28:49
438790,296567,0,3480,3139,2021-11-15 17:33:57
438832,296593,4,3434,3138,2021-11-15 17:39:54
438844,296593,4,3427,3138,2021-11-15 17:46:31
438848,296593,4,3481,3139,2021-11-15 17:51:29
438997,296648,4,3451,3137,2021-11-15 17:56:27
439004,296648,4,3417,3142,2021-11-15 18:01:34
439021,296648,4,3396,3138,2021-11-15 18:06:32
439027,296648,4,3391,3137,2021-11-15 18:11:40
439032,296648,4,3405,3136,2021-11-15 18:16:38
439046,296648,4,3413,3137,2021-11-15 18:21:45
439063,296658,4,3413,3136,2021-11-15 18:26:43
439095,296658,4,3483,3142,2021-11-15 18:31:31
439102,296669,4,3451,3136,2021-11-15 18:36:39
439118,296669,4,3429,3139,2021-11-15 18:41:47
439304,296732,0,3386,3139,2021-11-15 18:46:45
439422,296753,4,3368,3139,2021-11-15 18:51:52
439423,296753,4,3369,3138,2021-11-15 18:56:50
439429,296753,4,3344,3138,2021-11-15 19:01:49
439453,296753,4,3342,3137,2021-11-15 19:07:06
439499,296766,4,3345,3138,2021-11-15 19:12:03
439548,296766,4,3348,3140,2021-11-15 19:18:11
439556,296766,4,3337,3139,2021-11-15 19:24:08
439564,296766,4,3311,3138,2021-11-15 19:29:36
439576,296766,4,3303,3137,2021-11-15 19:34:34
439588,296766,4,3308,3136,2021-11-15 19:40:01
439601,296766,4,3286,3138,2021-11-15 19:46:19
439618,296766,4,3277,3143,2021-11-15 19:51:06
439631,296766,4,3276,3134,2021-11-15 19:57:04
439639,296766,4,3249,3136,2021-11-15 20:02:12
439649,296766,4,3232,3136,2021-11-15 20:07:09
439659,296766,4,3239,3136,2021-11-15 20:12:07
439670,296766,4,3238,3133,2021-11-15 20:17:15
439703,296766,4,3241,3132,2021-11-15 20:22:13
439837,296806,4,3248,3138,2021-11-15 20:27:21
439858,296806,4,3289,3134,2021-11-15 20:32:38
439859,296806,4,3302,3136,2021-11-15 20:39:55
439888,296816,0,3307,3136,2021-11-15 20:45:03
439907,296816,4,3325,3139,2021-11-15 20:50:01
439907,296816,4,3339,3138,2021-11-15 20:54:59
439949,296816,4,3327,3137,2021-11-15 21:00:06
439985,296816,4,3366,3136,2021-11-15 21:05:04
439998,296816,4,3421,3136,2021-11-15 21:10:12
440144,296885,0,3409,3136,2021-11-15 21:15:10
440328,296984,0,3338,3136,2021-11-15 21:20:17
440333,296984,4,3341,3137,2021-11-15 21:25:05
440334,296984,4,3317,3137,2021-11-15 21:30:13
440340,296984,4,3305,3136,2021-11-15 21:36:30
440351,296984,4,3296,3136,2021-11-15 21:42:37
440382,296984,4,3299,3141,2021-11-15 21:47:45
440423,296984,4,3312,3136,2021-11-15 21:52:43
440424,296984,4,3355,3136,2021-11-15 21:57:50
440430,296984,4,3375,3137,2021-11-15 22:02:48
440437,296984,4,3393,3139,2021-11-15 22:07:46
440438,296984,4,3350,3137,2021-11-15 22:12:54
440443,296984,4,3329,3133,2021-11-15 22:17:52
440450,296984,4,3302,3135,2021-11-15 22:23:09
440486,296984,4,3330,3136,2021-11-15 22:27:57
440493,296984,4,3348,3136,2021-11-15 22:32:55
440603,297005,4,3376,3136,2021-11-15 22:38:03
440683,297042,4,3364,3135,2021-11-15 22:43:00
440684,297042,4,3339,3133,2021-11-15 22:47:58
440712,297042,4,3330,3135,2021-11-15 22:53:16
440714,297042,4,3339,3134,2021-11-15 22:58:04
440718,297042,4,3333,3136,2021-11-15 23:03:31
440779,297053,4,3335,3135,2021-11-15 23:10:38
440862,297053,4,3312,3135,2021-11-15 23:15:36
440866,297053,4,3332,3136,2021-11-15 23:20:44
440893,297053,4,3371,3136,2021-11-15 23:26:21
440935,297053,4,3427,3138,2021-11-15 23:33:28
441018,297082,4,3450,3135,2021-11-15 23:39:06
441048,297082,4,3469,3137,2021-11-15 23:44:03
441071,297082,4,3470,3138,2021-11-15 23:50:50
441086,297082,4,3450,3137,2021-11-15 23:55:48
441102,297082,4,3443,3134,2021-11-16 00:00:56
441191,297092,4,3429,3136,2021-11-16 00:06:23
441209,297092,4,3382,3134,2021-11-16 00:14:20
441218,297092,4,3360,3134,2021-11-16 00:20:59
441355,297126,4,3371,3136,2021-11-16 00:25:57
441474,297151,4,3364,3139,2021-11-16 00:32:05
441482,297151,4,3356,3133,2021-11-16 00:38:43
441505,297151,4,3343,3135,2021-11-16 00:43:31
441519,297151,4,3323,3136,2021-11-16 00:48:30
441587,297168,4,3328,3136,2021-11-16 00:53:28
441591,297168,4,3339,3133,2021-11-16 00:58:36
441624,297168,4,3342,3136,2021-11-16 01:03:35
441629,297168,4,3373,3136,2021-11-16 01:09:03
441697,297168,4,3371,3135,2021-11-16 01:16:10
441698,297168,4,3362,3134,2021-11-16 01:21:09
441701,297168,4,3344,3133,2021-11-16 01:26:07
441719,297168,4,3389,3135,2021-11-16 01:31:15
441729,297168,4,3474,3134,2021-11-16 01:36:04
441745,297168,4,3389,3134,2021-11-16 01:41:12
441754,297168,4,3438,3134,2021-11-16 01:46:11
441763,297168,4,3389,3136,2021-11-16 01:51:09
441779,297168,4,3377,3133,2021-11-16 01:56:37
441792,297168,4,3427,3135,2021-11-16 02:03:55
441820,297168,4,3388,3136,2021-11-16 02:08:43
441829,297168,4,3403,3134,2021-11-16 02:13:41
441838,297168,4,3470,3135,2021-11-16 02:18:40
441838,297168,4,3501,3138,2021-11-16 02:23:48
441844,297168,4,3480,3136,2021-11-16 02:29:36
441869,297168,4,3474,3136,2021-11-16 02:36:14
441903,297168,4,3546,3135,2021-11-16 02:44:01
441905,297168,4,3526,3136,2021-11-16 02:48:50
441907,297168,4,3520,3138,2021-11-16 02:53:48
441909,297168,4,3517,3137,2021-11-16 03:00:46
441912,297168,4,3520,3136,2021-11-16 03:05:34
441928,297168,4,3488,3136,2021-11-16 03:11:52
441928,297168,4,3485,3136,2021-11-16 03:17:11
441935,297168,4,3501,3135,2021-11-16 03:21:59
441949,297168,4,3484,3132,2021-11-16 03:30:16
442068,297191,4,3421,3133,2021-11-16 03:36:44
442232,297255,4,3362,3136,2021-11-16 03:43:52
442245,297255,4,3346,3132,2021-11-16 03:48:50
442251,297255,4,3338,3138,2021-11-16 03:53:48
442253,297255,4,3317,3135,2021-11-16 03:58:57
442288,297255,4,3314,3137,2021-11-16 04:03:55
442332,297271,4,3289,3134,2021-11-16 04:08:53
442332,297271,4,3280,3134,2021-11-16 04:13:52
442349,297271,4,3259,3133,2021-11-16 04:18:50
442353,297271,4,3273,3132,2021-11-16 04:24:08
442463,297330,0,3263,3137,2021-11-16 04:28:57
442626,297376,0,3261,3131,2021-11-16 04:34:15
442759,297405,0,3265,3132,2021-11-16 04:39:03
442794,297405,4,3258,3135,2021-11-16 04:43:52
442835,297422,0,3277,3131,2021-11-16 04:49:00
442981,297471,4,3233,3133,2021-11-16 04:53:58
443030,297471,4,3228,3135,2021-11-16 04:58:57
443031,297471,4,3236,3134,2021-11-16 05:03:55
443056,297471,4,3241,3129,2021-11-16 05:08:53
443069,297471,4,3250,3133,2021-11-16 05:14:51
443091,297471,4,3262,3133,2021-11-16 05:21:29
443093,297471,4,3270,3135,2021-11-16 05:26:28
443178,297510,0,3250,3133,2021-11-16 05:31:36
443262,297543,0,3243,3132,2021-11-16 05:36:35
443438,297609,4,3207,3131,2021-11-16 05:41:33
443542,297609,4,3214,3133,2021-11-16 05:46:41
443665,297640,0,3222,3133,2021-11-16 05:51:30
443803,297702,4,3240,3132,2021-11-16 05:56:28
443805,297702,4,3227,3132,2021-11-16 06:02:16
443842,297702,4,3227,3133,2021-11-16 06:09:04
443993,297755,0,3250,3134,2021-11-16 06:14:02
444013,297770,4,3253,3136,2021-11-16 06:19:01
444025,297770,4,3241,3135,2021-11-16 06:24:09
444181,297900,0,3226,3131,2021-11-16 06:29:17
444418,298080,0,3229,3131,2021-11-16 06:34:06
444694,298343,0,3189,3134,2021-11-16 06:39:04
444937,298512,0,3179,3133,2021-11-16 06:44:12
445148,298629,0,3209,3131,2021-11-16 06:49:21
445416,298860,0,3184,3131,2021-11-16 06:54:19
445694,299124,0,3157,3130,2021-11-16 06:59:07
445991,299420,0,3160,3129,2021-11-16 07:04:06
446297,299727,0,3132,3131,2021-11-16 07:09:14
446604,300019,0,3144,3129,2021-11-16 07:14:32
446819,300158,0,3202,3133,2021-11-16 07:19:21
447058,300320,0,3183,3131,2021-11-16 07:24:09
447328,300534,0,3203,3131,2021-11-16 07:29:37
447532,300635,0,3210,3132,2021-11-16 07:34:46
447852,300860,0,3165,3130,2021-11-16 07:41:43
448047,300924,0,3143,3128,2021-11-16 07:47:02
448302,301077,4,3134,3131,2021-11-16 07:54:09
448542,301239,0,3095,3132,2021-11-16 07:59:18
448768,301347,0,3102,3135,2021-11-16 08:04:26
448939,301382,4,3184,3133,2021-11-16 08:09:14
449103,301397,4,3191,3132,2021-11-16 08:14:13
449211,301423,4,3175,3128,2021-11-16 08:19:11
449428,301506,0,3212,3129,2021-11-16 08:24:19
449627,301591,4,3202,3131,2021-11-16 08:29:18
449671,301607,4,3160,3131,2021-11-16 08:34:16
449685,301607,4,3168,3131,2021-11-16 08:39:14
449689,301607,4,3147,3135,2021-11-16 08:44:53
449996,301827,0,3148,3132,2021-11-16 08:52:10
450074,301837,4,3134,3130,2021-11-16 08:59:28
450082,301837,4,3132,3128,2021-11-16 09:04:16
450082,301837,4,3150,3131,2021-11-16 09:09:15
450088,301837,4,3148,3131,2021-11-16 09:14:23
450188,301848,4,3149,3131,2021-11-16 09:19:21
450188,301848,4,3151,3129,2021-11-16 09:24:20
450191,301848,4,3150,3131,2021-11-16 09:29:28
450343,301917,0,3140,3128,2021-11-16 09:34:16
450359,301917,4,3140,3132,2021-11-16 09:39:25
450361,301917,4,3134,3131,2021-11-16 09:44:23
450363,301917,4,3138,3131,2021-11-16 09:49:21
450365,301917,4,3138,3133,2021-11-16 09:54:20
450395,301917,4,3130,3132,2021-11-16 09:59:18
450528,301927,4,3161,3133,2021-11-16 10:04:26
450528,301927,4,3146,3126,2021-11-16 10:09:25
450535,301927,4,3142,3129,2021-11-16 10:14:23
450562,301927,4,3134,3131,2021-11-16 10:19:21
450698,301969,0,3124,3134,2021-11-16 10:25:19
450707,301969,4,3164,3127,2021-11-16 10:32:27
450716,301969,4,3196,3127,2021-11-16 10:39:55
450739,301969,4,3210,3131,2021-11-16 10:45:33
450848,301983,0,3180,3129,2021-11-16 10:52:21
450893,301986,4,3162,3129,2021-11-16 10:59:48
450937,301986,4,3152,3130,2021-11-16 11:07:16
450945,301986,4,3153,3135,2021-11-16 11:12:04
451095,302040,4,3232,3131,2021-11-16 11:17:02
451218,302040,4,3225,3130,2021-11-16 11:22:01
451324,302056,0,3114,3129,2021-11-16 11:27:19
451351,302056,4,3072,3127,2021-11-16 11:32:37
451565,302160,0,3058,3125,2021-11-16 11:37:46
451751,302225,0,3069,3129,2021-11-16 11:42:54
452006,302379,0,3059,3127,2021-11-16 11:49:32
452011,302379,4,3095,3128,2021-11-16 11:54:40
452017,302379,4,3117,3128,2021-11-16 11:59:38
452021,302379,4,3131,3131,2021-11-16 12:04:56
452139,302401,4,3117,3130,2021-11-16 12:09:45
452371,302561,0,3108,3132,2021-11-16 12:14:33
452599,302717,0,3074,3128,2021-11-16 12:19:41
452777,302778,4,3085,3132,2021-11-16 12:24:48
452788,302778,4,3099,3130,2021-11-16 12:29:35
452790,302778,4,3107,3128,2021-11-16 12:34:51
452827,302778,4,3106,3128,2021-11-16 12:39:38
452935,302811,4,3125,3131,2021-11-16 12:44:54
452940,302811,4,3132,3128,2021-11-16 12:49:41
452989,302811,4,3148,3127,2021-11-16 12:54:37
453110,302836,4,3135,3134,2021-11-16 12:59:54
453357,303014,0,3100,3130,2021-11-16 13:04:41
453665,303322,0,3019,3129,2021-11-16 13:09:47
453985,303642,0,3029,3127,2021-11-16 13:15:03
454378,303951,0,3047,3128,2021-11-16 13:22:18
454529,303997,4,3033,3131,2021-11-16 13:27:15
454731,304060,0,3047,3131,2021-11-16 13:32:21
455001,304276,0,3097,3129,2021-11-16 13:37:28
455096,304296,4,3113,3127,2021-11-16 13:42:34
455102,304296,4,3119,3128,2021-11-16 13:47:31
455105,304296,4,3160,3130,2021-11-16 13:52:18
455254,304372,0,3145,3127,2021-11-16 13:57:14
455502,304551,0,3149,3133,2021-11-16 14:02:21
455684,304606,4,3151,3128,2021-11-16 14:07:17
455946,304788,0,3159,3126,2021-11-16 14:12:24
456076,304815,0,3152,3130,2021-11-16 14:17:20
456080,304815,4,3133,3126,2021-11-16 14:22:17
456085,304815,4,3113,3128,2021-11-16 14:27:43
456266,304908,4,3122,3127,2021-11-16 14:34:48
456266,304908,4,3119,3128,2021-11-16 14:39:55
456287,304908,4,3113,3126,2021-11-16 14:45:01
456462,304969,0,3124,3127,2021-11-16 14:50:18
456855,305312,0,3070,3129,2021-11-16 14:57:23
457036,305385,0,3077,3129,2021-11-16 15:02:29
457273,305524,0,3120,3129,2021-11-16 15:07:36
457475,305591,4,3173,3127,2021-11-16 15:13:22
457584,305618,4,3214,3131,2021-11-16 15:21:36
457593,305618,4,3212,3127,2021-11-16 15:27:32
457619,305618,4,3225,3129,2021-11-16 15:32:29
457826,305677,4,3223,3127,2021-11-16 15:38:05
457957,305688,0,3219,3127,2021-11-16 15:42:52
458042,305703,4,3243,3127,2021-11-16 15:47:39
458228,305773,4,3248,3127,2021-11-16 15:52:45
458392,305794,4,3251,3128,2021-11-16 15:57:32
458614,305889,0,3200,3129,2021-11-16 16:02:49
458746,305977,4,3168,3131,2021-11-16 16:07:35
458750,305977,4,3176,3129,2021-11-16 16:12:32
458754,305977,4,3178,3130,2021-11-16 16:17:48
458759,305977,4,3155,3129,2021-11-16 16:22:55
458783,305977,4,3160,3127,2021-11-16 16:28:02
458785,305977,4,3157,3127,2021-11-16 16:32:58
458821,305977,4,3207,3129,2021-11-16 16:37:45
458880,305977,4,3192,3128,2021-11-16 16:42:42
458882,305977,4,3209,3127,2021-11-16 16:48:18
458931,305977,4,3213,3130,2021-11-16 16:55:13
458931,305977,4,3247,3130,2021-11-16 17:00:29
458957,305989,4,3270,3129,2021-11-16 17:05:16
458963,305989,4,3271,3128,2021-11-16 17:10:13
458966,305989,4,3296,3129,2021-11-16 17:15:19
458970,305989,4,3290,3130,2021-11-16 17:20:16
458994,305989,4,3484,3129,2021-11-16 17:25:32
459003,305989,4,3570,3131,2021-11-16 17:32:48
459005,305989,4,3647,3131,2021-11-16 17:40:22
459005,305989,4,3622,3127,2021-11-16 17:45:29
459019,305989,4,3584,3130,2021-11-16 17:50:55
459048,305989,4,3604,3130,2021-11-16 18:25:52
459061,305989,4,3590,3131,2021-11-16 18:34:26
459071,305989,4,3549,3127,2021-11-16 18:45:28
459074,305989,4,3575,3131,2021-11-16 18:51:05
459078,305989,4,3590,3132,2021-11-16 18:56:11
459088,305989,4,3579,3132,2021-11-16 19:06:44
459160,305989,4,3590,3134,2021-11-16 19:13:00
459188,305989,4,3573,3129,2021-11-16 19:18:06
459188,305989,4,3579,3134,2021-11-16 19:23:03
459188,305989,4,3577,3129,2021-11-16 19:28:00
459188,305989,4,3580,3131,2021-11-16 19:33:16
459188,305989,4,3586,3131,2021-11-16 19:38:03
459188,305989,4,3584,3130,2021-11-16 19:46:37
459197,305989,4,3582,3130,2021-11-16 19:53:03
459201,305989,4,3577,3134,2021-11-16 19:57:59
459216,305989,4,3582,3132,2021-11-16 20:05:34
459222,305989,4,3579,3133,2021-11-16 20:10:31
459233,305989,4,3584,3133,2021-11-16 20:17:36
459241,305989,4,3608,3133,2021-11-16 20:32:06
459247,305989,4,3622,3135,2021-11-16 20:38:12
459249,305989,4,3630,3133,2021-11-16 20:43:09
459253,305989,4,3626,3131,2021-11-16 20:49:15
459262,305989,4,3622,3136,2021-11-16 20:55:50
459263,305989,4,3628,3133,2021-11-16 21:01:16
459274,305989,4,3635,3134,2021-11-16 21:10:40
459284,305989,4,3635,3133,2021-11-16 21:18:25
459287,305989,4,3633,3136,2021-11-16 21:23:21
459294,305989,4,3635,3133,2021-11-16 21:28:18
459298,305989,4,3633,3134,2021-11-16 21:33:15
459298,305989,4,3633,3134,2021-11-16 21:38:11
459321,305989,4,3622,3132,2021-11-16 21:43:18
459330,305989,4,3610,3132,2021-11-16 21:48:15
459330,305989,4,3615,3135,2021-11-16 21:54:11
459336,305989,4,3611,3134,2021-11-16 22:01:06
459336,305989,4,3611,3132,2021-11-16 22:06:03
459346,305989,4,3615,3133,2021-11-16 22:12:08
459353,305989,4,3617,3132,2021-11-16 22:17:35
459371,305989,4,3602,3134,2021-11-16 22:23:50
459380,305989,4,3582,3133,2021-11-16 22:28:37
459388,305989,4,3600,3131,2021-11-16 22:38:40
459393,305989,4,3599,3132,2021-11-16 22:44:46
459497,306014,4,3519,3134,2021-11-16 22:50:52
459501,306014,4,3465,3131,2021-11-16 22:55:59
459503,306014,4,3420,3133,2021-11-16 23:01:15
459550,306014,4,3405,3134,2021-11-16 23:06:51
459580,306014,4,3390,3135,2021-11-16 23:14:56
459602,306024,4,3376,3131,2021-11-16 23:21:02
459610,306024,4,3379,3135,2021-11-16 23:26:48
459610,306024,4,3371,3132,2021-11-16 23:31:54
459615,306024,4,3360,3134,2021-11-16 23:38:20
459625,306024,4,3382,3135,2021-11-16 23:43:56
459654,306024,4,3378,3130,2021-11-16 23:51:31
459666,306024,4,3381,3132,2021-11-16 23:58:36
459684,306024,4,3382,3132,2021-11-17 00:03:43
459686,306024,4,3383,3131,2021-11-17 00:09:11
459691,306024,4,3379,3133,2021-11-17 00:14:28
459707,306024,4,3378,3135,2021-11-17 00:21:33
459715,306024,4,3377,3132,2021-11-17 00:26:30
459732,306024,4,3351,3132,2021-11-17 00:32:26
459772,306037,4,3345,3133,2021-11-17 00:40:51
459774,306037,4,3345,3132,2021-11-17 00:46:18
459781,306037,4,3365,3133,2021-11-17 00:52:04
459846,306055,4,3344,3134,2021-11-17 00:59:10
459881,306055,4,3324,3132,2021-11-17 01:09:13
459884,306055,4,3319,3132,2021-11-17 01:17:28
459897,306055,4,3319,3132,2021-11-17 01:23:54
459913,306055,4,3308,3132,2021-11-17 01:30:00
459920,306055,4,3311,3134,2021-11-17 01:38:45
459923,306055,4,3308,3131,2021-11-17 01:45:01
459950,306055,4,3304,3130,2021-11-17 01:51:57
459976,306055,4,3284,3131,2021-11-17 01:56:44
459979,306055,4,3292,3131,2021-11-17 02:02:10
459996,306055,4,3274,3133,2021-11-17 02:10:05
460047,306055,4,3296,3133,2021-11-17 02:16:31
460047,306055,4,3310,3132,2021-11-17 02:21:38
460077,306055,4,3297,3131,2021-11-17 02:26:35
460079,306055,4,3282,3133,2021-11-17 02:31:32
460096,306055,4,3287,3131,2021-11-17 02:36:38
460096,306055,4,3310,3130,2021-11-17 02:41:45
460098,306055,4,3329,3133,2021-11-17 02:46:42
460103,306055,4,3342,3134,2021-11-17 02:51:39
460104,306055,4,3364,3134,2021-11-17 02:56:36
460134,306055,4,3395,3132,2021-11-17 03:02:03
460141,306055,4,3356,3134,2021-11-17 03:09:38
460172,306055,4,3348,3132,2021-11-17 03:16:43
460207,306055,4,3330,3129,2021-11-17 03:21:50
460209,306055,4,3302,3125,2021-11-17 03:26:47
460214,306055,4,3291,3131,2021-11-17 03:31:44
460238,306055,4,3289,3133,2021-11-17 03:36:51
460241,306055,4,3293,3134,2021-11-17 03:41:48
460241,306055,4,3311,3133,2021-11-17 03:46:45
460245,306055,4,3320,3131,2021-11-17 03:51:51
460249,306055,4,3308,3134,2021-11-17 03:57:08
460250,306055,4,3281,3132,2021-11-17 04:01:55
460251,306055,4,3287,3134,2021-11-17 04:06:52
460254,306055,4,3250,3132,2021-11-17 04:11:49
460257,306055,4,3270,3133,2021-11-17 04:16:56
460280,306055,4,3264,3132,2021-11-17 04:21:53
460325,306055,4,3281,3132,2021-11-17 04:27:00
460329,306055,4,3273,3129,2021-11-17 04:34:45
460336,306055,4,3268,3130,2021-11-17 04:39:32
460336,306055,4,3270,3131,2021-11-17 04:44:29
460337,306055,4,3262,3134,2021-11-17 04:49:26
460419,306055,4,3236,3133,2021-11-17 04:54:33
460630,306149,4,3202,3132,2021-11-17 05:01:19
460668,306171,4,3196,3133,2021-11-17 05:08:14
460741,306171,4,3184,3132,2021-11-17 05:15:30
460903,306217,4,3169,3132,2021-11-17 05:22:16
461094,306265,4,3194,3133,2021-11-17 05:27:13
461101,306265,4,3198,3133,2021-11-17 05:32:19
461102,306265,4,3199,3132,2021-11-17 05:37:06
461102,306265,4,3181,3130,2021-11-17 05:42:13
461154,306265,4,3182,3134,2021-11-17 05:47:20
461302,306306,4,3189,3129,2021-11-17 05:52:56
461437,306319,4,3180,3132,2021-11-17 06:00:12
461439,306319,4,3191,3130,2021-11-17 06:07:18
461457,306319,4,3171,3129,2021-11-17 06:12:14
461499,306319,4,3176,3134,2021-11-17 06:17:21
461545,306319,4,3182,3130,2021-11-17 06:22:38
461696,306334,4,3205,3133,2021-11-17 06:27:35
461803,306345,4,3201,3135,2021-11-17 06:32:22
462021,306480,0,3158,3132,2021-11-17 06:37:19
462223,306613,0,3158,3133,2021-11-17 06:42:26
462414,306715,0,3164,3130,2021-11-17 06:47:42
462700,306891,0,3142,3130,2021-11-17 06:55:18
463109,307287,0,3114,3133,2021-11-17 07:02:23
463421,307592,0,3119,3129,2021-11-17 07:07:40
463747,307883,0,3150,3129,2021-11-17 07:13:16
464114,308188,0,3167,3131,2021-11-17 07:20:02
464337,308329,0,3187,3130,2021-11-17 07:24:59
464528,308426,0,3174,3131,2021-11-17 07:29:56
464688,308438,0,3157,3130,2021-11-17 07:35:03
464864,308454,0,3147,3135,2021-11-17 07:40:39
465115,308527,4,3124,3129,2021-11-17 07:47:45
465288,308556,4,3130,3133,2021-11-17 07:52:32
465476,308598,4,3124,3131,2021-11-17 07:57:39
465633,308623,4,3095,3132,2021-11-17 08:02:36
465712,308633,4,3149,3131,2021-11-17 08:07:33
465908,308699,4,3150,3128,2021-11-17 08:12:39
466067,308709,4,3140,3130,2021-11-17 08:17:46
466158,308709,4,3162,3130,2021-11-17 08:22:43
466303,308746,4,3187,3129,2021-11-17 08:27:40
466417,308746,4,3173,3131,2021-11-17 08:32:37
466452,308746,4,3156,3129,2021-11-17 08:37:53
466544,308756,4,3155,3133,2021-11-17 08:42:40
466693,308769,4,3176,3126,2021-11-17 08:47:47
466825,308808,0,3181,3131,2021-11-17 08:52:44
466851,308808,4,3241,3131,2021-11-17 08:58:20
466869,308808,4,3337,3132,2021-11-17 09:03:57
466887,308808,4,3419,3129,2021-11-17 09:10:53
466930,308808,4,3415,3129,2021-11-17 09:18:38
466978,308818,4,3405,3132,2021-11-17 09:30:11
466985,308818,4,3385,3129,2021-11-17 09:37:36
466988,308818,4,3354,3132,2021-11-17 09:58:03
466994,308818,4,3358,3132,2021-11-17 10:04:29
467158,308854,4,3306,3131,2021-11-17 10:10:25
467216,308854,4,3278,3132,2021-11-17 10:16:02
467219,308854,4,3213,3132,2021-11-17 10:23:57
467368,308854,4,3197,3133,2021-11-17 10:30:43
467415,308875,4,3214,3130,2021-11-17 10:35:30
467418,308875,4,3196,3129,2021-11-17 10:40:46
467419,308875,4,3176,3130,2021-11-17 10:45:43
467423,308875,4,3178,3132,2021-11-17 10:50:30
467439,308875,4,3232,3130,2021-11-17 10:55:27
467459,308875,4,3325,3134,2021-11-17 11:00:34
467468,308875,4,3342,3129,2021-11-17 11:06:40
467504,308875,4,3307,3130,2021-11-17 11:11:47
467527,308875,4,3300,3131,2021-11-17 11:18:13
467527,308875,4,3311,3129,2021-11-17 11:23:30
467531,308875,4,3300,3128,2021-11-17 11:30:35
467593,308875,4,3255,3130,2021-11-17 11:35:42
467690,308886,4,3236,3127,2021-11-17 11:40:39
467690,308886,4,3232,3131,2021-11-17 11:45:46
467693,308886,4,3233,3131,2021-11-17 11:50:43
467696,308886,4,3209,3132,2021-11-17 11:55:40
467736,308886,4,3208,3135,2021-11-17 12:00:48
467756,308886,4,3220,3133,2021-11-17 12:05:46
467768,308886,4,3209,3130,2021-11-17 12:10:45
467802,308886,4,3214,3129,2021-11-17 12:15:53
467834,308886,4,3252,3131,2021-11-17 12:21:20
468002,308898,4,3231,3131,2021-11-17 12:27:08
468215,308937,0,3193,3132,2021-11-17 12:33:16
468374,308976,4,3147,3133,2021-11-17 12:38:14
468578,309089,0,3104,3128,2021-11-17 12:43:22
468803,309243,0,3059,3133,2021-11-17 12:48:20
469004,309307,4,3054,3131,2021-11-17 12:53:18
469166,309345,4,3078,3129,2021-11-17 12:58:16
469253,309358,4,3077,3132,2021-11-17 13:03:34
469449,309466,0,3040,3132,2021-11-17 13:08:22
469631,309534,0,2968,3129,2021-11-17 13:13:20
